first,second,groupauthor,secondauthor,grouptheme,secondtheme,cosine
1,2,1,1,1,1,0.147617993
1,3,1,1,1,1,0.090442481
1,4,1,1,1,1,0.218362063
1,5,1,1,1,1,0.116528253
1,6,1,1,1,1,0.358555162
1,7,1,1,1,1,0.099599542
1,8,1,1,1,1,0.006046235
1,9,1,1,1,1,0.248472045
1,10,1,1,1,1,0.101396477
1,11,1,1,1,1,0.055751228
1,12,1,1,1,1,0.260350358
1,13,1,1,1,1,0.139347813
1,14,1,1,1,1,0.073773812
1,15,1,1,1,1,0.101238079
1,16,1,1,1,1,0.156166361
1,17,1,1,1,1,0.221537672
1,18,1,1,1,1,0.392118251
1,19,1,1,1,1,0.09144481
1,20,1,1,1,1,0.064837566
1,21,1,1,1,1,0.067342506
1,22,1,1,1,1,0.084442654
1,23,1,1,1,1,0.106208799
1,24,1,1,1,1,0.087156293
1,25,1,1,1,1,0.181057558
1,26,1,1,1,1,0.191515064
1,27,1,1,1,1,0.122343624
1,28,1,1,1,1,0.073398121
1,29,1,1,1,1,0.082614159
1,30,1,1,1,1,0.101697909
1,31,1,1,1,1,0.376486034
1,32,1,1,1,1,0.148872758
1,33,1,1,1,1,0.145135109
1,34,1,1,1,1,0.209512222
1,35,1,1,1,1,0.120191796
1,36,1,1,1,1,0.04503644
1,37,1,1,1,1,0.116055913
1,38,1,1,1,1,0.085790416
1,39,1,1,1,1,0.170225588
1,40,1,2,1,2,0.088717879
1,41,1,2,1,2,0.189283603
1,42,1,2,1,2,0.174089068
1,43,1,2,1,2,0.267239052
1,44,1,2,1,2,0.08966046
1,45,1,2,1,2,0.165430314
1,46,1,2,1,2,0.27518243
1,47,1,2,1,2,0.139404654
1,48,1,2,1,2,0.226158834
1,49,1,2,1,2,0.22305564
1,50,1,2,1,2,0.209500994
1,51,1,2,1,2,0.119595498
1,52,1,2,1,2,0.210040212
1,53,1,2,1,2,0.168060363
1,54,1,2,1,2,0.149105277
1,55,1,2,1,2,0.353367722
1,56,1,3,1,2,0.29025457
1,57,1,3,1,2,0.033024677
1,58,1,3,1,2,0.23638423
1,59,1,3,1,2,0.182350828
1,60,1,3,1,2,0.088010344
1,61,1,3,1,2,0.213489359
1,62,1,3,1,2,0.253011024
1,63,1,3,1,2,0.181311822
1,64,1,3,1,2,0.210248897
1,65,1,3,1,2,0.111188627
1,66,1,3,1,2,0.240761022
2,3,1,1,1,1,0.416511586
2,4,1,1,1,1,0.670445642
2,5,1,1,1,1,0.257362907
2,6,1,1,1,1,0.674996918
2,7,1,1,1,1,0.279735539
2,8,1,1,1,1,0.311601047
2,9,1,1,1,1,0.355535241
2,10,1,1,1,1,0.386807283
2,11,1,1,1,1,0.616810659
2,12,1,1,1,1,0.659830841
2,13,1,1,1,1,0.763093154
2,14,1,1,1,1,0.192519208
2,15,1,1,1,1,0.363629154
2,16,1,1,1,1,0.438834876
2,17,1,1,1,1,0.65726504
2,18,1,1,1,1,0.670310018
2,19,1,1,1,1,0.124103761
2,20,1,1,1,1,0.489005258
2,21,1,1,1,1,0.309607305
2,22,1,1,1,1,0.139453541
2,23,1,1,1,1,0.556231481
2,24,1,1,1,1,0.494454408
2,25,1,1,1,1,0.698777354
2,26,1,1,1,1,0.69133035
2,27,1,1,1,1,0.637716808
2,28,1,1,1,1,0.091079433
2,29,1,1,1,1,0.158505241
2,30,1,1,1,1,0.245511659
2,31,1,1,1,1,0.566250821
2,32,1,1,1,1,0.174100915
2,33,1,1,1,1,0.376488845
2,34,1,1,1,1,0.568205282
2,35,1,1,1,1,0.372032763
2,36,1,1,1,1,0.153238601
2,37,1,1,1,1,0.350230451
2,38,1,1,1,1,0.511991243
2,39,1,1,1,1,0.564424247
2,40,1,2,1,2,0.416427013
2,41,1,2,1,2,0.227313888
2,42,1,2,1,2,0.492800755
2,43,1,2,1,2,0.40628519
2,44,1,2,1,2,0.114229577
2,45,1,2,1,2,0.464756766
2,46,1,2,1,2,0.390267156
2,47,1,2,1,2,0.174956778
2,48,1,2,1,2,0.445076505
2,49,1,2,1,2,0.526019361
2,50,1,2,1,2,0.120605869
2,51,1,2,1,2,0.072022709
2,52,1,2,1,2,0.517776121
2,53,1,2,1,2,0.145005103
2,54,1,2,1,2,0.341820568
2,55,1,2,1,2,0.410472011
2,56,1,3,1,2,0.44491514
2,57,1,3,1,2,0.174785364
2,58,1,3,1,2,0.332993131
2,59,1,3,1,2,0.129864364
2,60,1,3,1,2,0.61838432
2,61,1,3,1,2,0.331467998
2,62,1,3,1,2,0.559003135
2,63,1,3,1,2,0.149921869
2,64,1,3,1,2,0.291629348
2,65,1,3,1,2,0.307402985
2,66,1,3,1,2,0.376347817
3,4,1,1,1,1,0.454205163
3,5,1,1,1,1,0.127433049
3,6,1,1,1,1,0.296215231
3,7,1,1,1,1,0.041345692
3,8,1,1,1,1,-0.019431264
3,9,1,1,1,1,0.328151034
3,10,1,1,1,1,0.10240596
3,11,1,1,1,1,0.445735534
3,12,1,1,1,1,0.300790168
3,13,1,1,1,1,0.197124054
3,14,1,1,1,1,0.051965875
3,15,1,1,1,1,0.030321933
3,16,1,1,1,1,-0.002303041
3,17,1,1,1,1,0.003196688
3,18,1,1,1,1,0.107305567
3,19,1,1,1,1,0.157327267
3,20,1,1,1,1,0.194778073
3,21,1,1,1,1,-0.023031545
3,22,1,1,1,1,0.183701183
3,23,1,1,1,1,0.055417102
3,24,1,1,1,1,-0.091055592
3,25,1,1,1,1,0.259605144
3,26,1,1,1,1,0.304347374
3,27,1,1,1,1,0.13302867
3,28,1,1,1,1,0.088477011
3,29,1,1,1,1,0.06143608
3,30,1,1,1,1,0.091605044
3,31,1,1,1,1,0.343364383
3,32,1,1,1,1,0.088905532
3,33,1,1,1,1,0.101625963
3,34,1,1,1,1,0.037600459
3,35,1,1,1,1,0.161333093
3,36,1,1,1,1,0.078536945
3,37,1,1,1,1,0.097642028
3,38,1,1,1,1,0.081347005
3,39,1,1,1,1,0.198257594
3,40,1,2,1,2,0.062651589
3,41,1,2,1,2,0.130554378
3,42,1,2,1,2,0.137723432
3,43,1,2,1,2,0.084601111
3,44,1,2,1,2,0.073879321
3,45,1,2,1,2,0.113485983
3,46,1,2,1,2,0.098813979
3,47,1,2,1,2,0.088314666
3,48,1,2,1,2,0.135301114
3,49,1,2,1,2,0.23711995
3,50,1,2,1,2,0.098554859
3,51,1,2,1,2,0.070784422
3,52,1,2,1,2,0.260402029
3,53,1,2,1,2,0.209656574
3,54,1,2,1,2,0.148934383
3,55,1,2,1,2,0.368682691
3,56,1,3,1,2,0.138094363
3,57,1,3,1,2,-0.024277921
3,58,1,3,1,2,0.307858016
3,59,1,3,1,2,0.12741165
3,60,1,3,1,2,0.135617866
3,61,1,3,1,2,0.175295361
3,62,1,3,1,2,0.219966588
3,63,1,3,1,2,-0.020035921
3,64,1,3,1,2,0.065535919
3,65,1,3,1,2,0.176667664
3,66,1,3,1,2,0.073949929
4,5,1,1,1,1,0.25533324
4,6,1,1,1,1,0.807971918
4,7,1,1,1,1,0.272827292
4,8,1,1,1,1,0.145150272
4,9,1,1,1,1,0.528734762
4,10,1,1,1,1,0.35251917
4,11,1,1,1,1,0.651974198
4,12,1,1,1,1,0.7011593
4,13,1,1,1,1,0.624484106
4,14,1,1,1,1,0.336750847
4,15,1,1,1,1,0.318449807
4,16,1,1,1,1,0.423466765
4,17,1,1,1,1,0.671299272
4,18,1,1,1,1,0.530297239
4,19,1,1,1,1,0.319494023
4,20,1,1,1,1,0.515061544
4,21,1,1,1,1,0.429936193
4,22,1,1,1,1,0.233631422
4,23,1,1,1,1,0.439353358
4,24,1,1,1,1,0.406151587
4,25,1,1,1,1,0.75442891
4,26,1,1,1,1,0.558066327
4,27,1,1,1,1,0.783911289
4,28,1,1,1,1,0.383890981
4,29,1,1,1,1,0.240473382
4,30,1,1,1,1,0.631892078
4,31,1,1,1,1,0.733680706
4,32,1,1,1,1,0.464910903
4,33,1,1,1,1,0.265215988
4,34,1,1,1,1,0.661418415
4,35,1,1,1,1,0.597981503
4,36,1,1,1,1,0.325970058
4,37,1,1,1,1,0.386680634
4,38,1,1,1,1,0.498830271
4,39,1,1,1,1,0.575887462
4,40,1,2,1,2,0.166912983
4,41,1,2,1,2,0.331477039
4,42,1,2,1,2,0.576102188
4,43,1,2,1,2,0.472867379
4,44,1,2,1,2,0.332105165
4,45,1,2,1,2,0.489332034
4,46,1,2,1,2,0.389939325
4,47,1,2,1,2,0.285874234
4,48,1,2,1,2,0.556863936
4,49,1,2,1,2,0.485458628
4,50,1,2,1,2,0.409334978
4,51,1,2,1,2,0.34051923
4,52,1,2,1,2,0.532142785
4,53,1,2,1,2,0.32384117
4,54,1,2,1,2,0.443867788
4,55,1,2,1,2,0.598627805
4,56,1,3,1,2,0.552405492
4,57,1,3,1,2,0.379227437
4,58,1,3,1,2,0.531090633
4,59,1,3,1,2,0.30347912
4,60,1,3,1,2,0.52632845
4,61,1,3,1,2,0.447872925
4,62,1,3,1,2,0.641827572
4,63,1,3,1,2,0.393745569
4,64,1,3,1,2,0.478460523
4,65,1,3,1,2,0.510333975
4,66,1,3,1,2,0.44891352
5,6,1,1,1,1,0.409866153
5,7,1,1,1,1,0.108775462
5,8,1,1,1,1,0.102944258
5,9,1,1,1,1,0.150151066
5,10,1,1,1,1,0.115421343
5,11,1,1,1,1,0.225259293
5,12,1,1,1,1,0.338588975
5,13,1,1,1,1,0.241521273
5,14,1,1,1,1,0.108406816
5,15,1,1,1,1,0.126148502
5,16,1,1,1,1,0.120412581
5,17,1,1,1,1,0.388684141
5,18,1,1,1,1,0.141493534
5,19,1,1,1,1,0.045929173
5,20,1,1,1,1,0.059019758
5,21,1,1,1,1,0.049956642
5,22,1,1,1,1,0.114240507
5,23,1,1,1,1,0.134475149
5,24,1,1,1,1,0.270905681
5,25,1,1,1,1,0.226913008
5,26,1,1,1,1,0.067664906
5,27,1,1,1,1,0.424908985
5,28,1,1,1,1,0.094786811
5,29,1,1,1,1,0.134778603
5,30,1,1,1,1,0.120066242
5,31,1,1,1,1,0.41251673
5,32,1,1,1,1,0.186592492
5,33,1,1,1,1,0.107254613
5,34,1,1,1,1,0.22890275
5,35,1,1,1,1,0.205778215
5,36,1,1,1,1,0.082954668
5,37,1,1,1,1,0.083353702
5,38,1,1,1,1,0.104414053
5,39,1,1,1,1,0.055663764
5,40,1,2,1,2,0.093494504
5,41,1,2,1,2,0.120843539
5,42,1,2,1,2,0.243562139
5,43,1,2,1,2,0.133749886
5,44,1,2,1,2,0.093790382
5,45,1,2,1,2,0.293233488
5,46,1,2,1,2,0.262225266
5,47,1,2,1,2,0.090402592
5,48,1,2,1,2,0.12113343
5,49,1,2,1,2,0.192329367
5,50,1,2,1,2,0.231413476
5,51,1,2,1,2,0.140941311
5,52,1,2,1,2,0.110489409
5,53,1,2,1,2,0.249693509
5,54,1,2,1,2,0.168689544
5,55,1,2,1,2,0.212582409
5,56,1,3,1,2,0.239666433
5,57,1,3,1,2,0.139264879
5,58,1,3,1,2,0.23693322
5,59,1,3,1,2,0.151473406
5,60,1,3,1,2,0.132972122
5,61,1,3,1,2,0.119184911
5,62,1,3,1,2,0.258230069
5,63,1,3,1,2,0.120653865
5,64,1,3,1,2,0.161014874
5,65,1,3,1,2,0.106758856
5,66,1,3,1,2,0.119531573
6,7,1,1,1,1,0.301917486
6,8,1,1,1,1,0.301575588
6,9,1,1,1,1,0.426983286
6,10,1,1,1,1,0.350438267
6,11,1,1,1,1,0.637627739
6,12,1,1,1,1,0.713332877
6,13,1,1,1,1,0.520295234
6,14,1,1,1,1,0.278252901
6,15,1,1,1,1,0.321903725
6,16,1,1,1,1,0.365718138
6,17,1,1,1,1,0.733408706
6,18,1,1,1,1,0.629127067
6,19,1,1,1,1,0.400834098
6,20,1,1,1,1,0.60587417
6,21,1,1,1,1,0.390780188
6,22,1,1,1,1,0.223246326
6,23,1,1,1,1,0.413120143
6,24,1,1,1,1,0.458769087
6,25,1,1,1,1,0.652322839
6,26,1,1,1,1,0.431417741
6,27,1,1,1,1,0.787025958
6,28,1,1,1,1,0.261690614
6,29,1,1,1,1,0.348409618
6,30,1,1,1,1,0.404936048
6,31,1,1,1,1,0.790739036
6,32,1,1,1,1,0.518107747
6,33,1,1,1,1,0.558355736
6,34,1,1,1,1,0.601813528
6,35,1,1,1,1,0.680905879
6,36,1,1,1,1,0.519322076
6,37,1,1,1,1,0.511943001
6,38,1,1,1,1,0.429036579
6,39,1,1,1,1,0.548107582
6,40,1,2,1,2,0.313179321
6,41,1,2,1,2,0.416117246
6,42,1,2,1,2,0.612403639
6,43,1,2,1,2,0.553787173
6,44,1,2,1,2,0.439148778
6,45,1,2,1,2,0.514820048
6,46,1,2,1,2,0.518218299
6,47,1,2,1,2,0.321665623
6,48,1,2,1,2,0.58403943
6,49,1,2,1,2,0.484721955
6,50,1,2,1,2,0.488218255
6,51,1,2,1,2,0.286709576
6,52,1,2,1,2,0.543194373
6,53,1,2,1,2,0.284301233
6,54,1,2,1,2,0.43851474
6,55,1,2,1,2,0.529063473
6,56,1,3,1,2,0.528044764
6,57,1,3,1,2,0.391081242
6,58,1,3,1,2,0.365932834
6,59,1,3,1,2,0.272068196
6,60,1,3,1,2,0.359140981
6,61,1,3,1,2,0.393706259
6,62,1,3,1,2,0.535528478
6,63,1,3,1,2,0.359090522
6,64,1,3,1,2,0.468661463
6,65,1,3,1,2,0.458887748
6,66,1,3,1,2,0.403820808
7,8,1,1,1,1,0.413884093
7,9,1,1,1,1,0.628195764
7,10,1,1,1,1,0.107328832
7,11,1,1,1,1,0.623168092
7,12,1,1,1,1,0.240056895
7,13,1,1,1,1,0.193880623
7,14,1,1,1,1,0.175617002
7,15,1,1,1,1,-0.015230203
7,16,1,1,1,1,0.088395671
7,17,1,1,1,1,0.522329336
7,18,1,1,1,1,0.18286179
7,19,1,1,1,1,0.133435655
7,20,1,1,1,1,0.475049773
7,21,1,1,1,1,0.072807842
7,22,1,1,1,1,0.146970153
7,23,1,1,1,1,0.000400561
7,24,1,1,1,1,-0.019282743
7,25,1,1,1,1,0.162289257
7,26,1,1,1,1,0.166765079
7,27,1,1,1,1,0.424490127
7,28,1,1,1,1,0.076537256
7,29,1,1,1,1,0.047539344
7,30,1,1,1,1,0.099489279
7,31,1,1,1,1,0.145070921
7,32,1,1,1,1,0.321195095
7,33,1,1,1,1,0.061241353
7,34,1,1,1,1,0.154308218
7,35,1,1,1,1,0.136773481
7,36,1,1,1,1,0.30429217
7,37,1,1,1,1,0.1614625
7,38,1,1,1,1,0.439156755
7,39,1,1,1,1,0.384732784
7,40,1,2,1,2,0.136871895
7,41,1,2,1,2,0.174578712
7,42,1,2,1,2,0.188886227
7,43,1,2,1,2,0.180943023
7,44,1,2,1,2,0.091741237
7,45,1,2,1,2,0.12876543
7,46,1,2,1,2,0.175672457
7,47,1,2,1,2,0.117776673
7,48,1,2,1,2,0.183088549
7,49,1,2,1,2,0.19048091
7,50,1,2,1,2,0.208174207
7,51,1,2,1,2,0.135870011
7,52,1,2,1,2,0.187565123
7,53,1,2,1,2,0.19400042
7,54,1,2,1,2,0.242151772
7,55,1,2,1,2,0.324786992
7,56,1,3,1,2,0.235528572
7,57,1,3,1,2,0.180788515
7,58,1,3,1,2,0.175207388
7,59,1,3,1,2,0.110796286
7,60,1,3,1,2,0.180644871
7,61,1,3,1,2,0.044884247
7,62,1,3,1,2,0.264300502
7,63,1,3,1,2,0.066035623
7,64,1,3,1,2,0.15530768
7,65,1,3,1,2,0.168488985
7,66,1,3,1,2,0.152757806
8,9,1,1,1,1,0.276149276
8,10,1,1,1,1,0.166487959
8,11,1,1,1,1,0.260624892
8,12,1,1,1,1,0.246578768
8,13,1,1,1,1,0.073564967
8,14,1,1,1,1,0.05001656
8,15,1,1,1,1,0.202825712
8,16,1,1,1,1,-0.09616381
8,17,1,1,1,1,0.285510987
8,18,1,1,1,1,0.486840121
8,19,1,1,1,1,0.217961197
8,20,1,1,1,1,0.46594297
8,21,1,1,1,1,0.063946128
8,22,1,1,1,1,0.233816021
8,23,1,1,1,1,0.263651562
8,24,1,1,1,1,0.15897518
8,25,1,1,1,1,0.11399779
8,26,1,1,1,1,0.014914784
8,27,1,1,1,1,0.20371409
8,28,1,1,1,1,0.125806867
8,29,1,1,1,1,0.266108225
8,30,1,1,1,1,0.134824409
8,31,1,1,1,1,0.404669689
8,32,1,1,1,1,-0.265288353
8,33,1,1,1,1,0.275967458
8,34,1,1,1,1,-0.035626795
8,35,1,1,1,1,0.246113798
8,36,1,1,1,1,0.088262313
8,37,1,1,1,1,0.163269119
8,38,1,1,1,1,0.156734952
8,39,1,1,1,1,0.163347967
8,40,1,2,1,2,0.06335884
8,41,1,2,1,2,0.154640851
8,42,1,2,1,2,0.264871165
8,43,1,2,1,2,0.18317894
8,44,1,2,1,2,0.108362391
8,45,1,2,1,2,0.201170511
8,46,1,2,1,2,0.327580275
8,47,1,2,1,2,0.004491807
8,48,1,2,1,2,0.186389747
8,49,1,2,1,2,0.414181159
8,50,1,2,1,2,0.230431106
8,51,1,2,1,2,0.088351173
8,52,1,2,1,2,0.291170175
8,53,1,2,1,2,0.240656342
8,54,1,2,1,2,0.121121574
8,55,1,2,1,2,0.148805136
8,56,1,3,1,2,0.242746717
8,57,1,3,1,2,-0.114051019
8,58,1,3,1,2,0.177461183
8,59,1,3,1,2,0.197492418
8,60,1,3,1,2,0.268264182
8,61,1,3,1,2,0.226978301
8,62,1,3,1,2,0.200292946
8,63,1,3,1,2,0.22661216
8,64,1,3,1,2,0.08639519
8,65,1,3,1,2,0.03788906
8,66,1,3,1,2,0.307672086
9,10,1,1,1,1,0.524726705
9,11,1,1,1,1,0.5951707
9,12,1,1,1,1,0.40468904
9,13,1,1,1,1,0.259071667
9,14,1,1,1,1,0.334204382
9,15,1,1,1,1,0.289645277
9,16,1,1,1,1,0.28150877
9,17,1,1,1,1,0.549528083
9,18,1,1,1,1,0.323485968
9,19,1,1,1,1,0.229263677
9,20,1,1,1,1,0.373487338
9,21,1,1,1,1,0.161895842
9,22,1,1,1,1,0.228626343
9,23,1,1,1,1,0.080867384
9,24,1,1,1,1,0.206689836
9,25,1,1,1,1,0.285288267
9,26,1,1,1,1,0.367049222
9,27,1,1,1,1,0.517578206
9,28,1,1,1,1,0.156595995
9,29,1,1,1,1,0.060145033
9,30,1,1,1,1,0.186053657
9,31,1,1,1,1,0.382668365
9,32,1,1,1,1,0.359470009
9,33,1,1,1,1,0.08972706
9,34,1,1,1,1,0.29446513
9,35,1,1,1,1,0.313008198
9,36,1,1,1,1,0.065135272
9,37,1,1,1,1,0.158225275
9,38,1,1,1,1,0.427340209
9,39,1,1,1,1,0.325822735
9,40,1,2,1,2,0.057056803
9,41,1,2,1,2,0.102458176
9,42,1,2,1,2,0.316565385
9,43,1,2,1,2,0.160741256
9,44,1,2,1,2,0.387204214
9,45,1,2,1,2,0.207719952
9,46,1,2,1,2,0.285794681
9,47,1,2,1,2,0.092943925
9,48,1,2,1,2,0.327185063
9,49,1,2,1,2,0.223325298
9,50,1,2,1,2,0.236359545
9,51,1,2,1,2,0.374047597
9,52,1,2,1,2,0.280192819
9,53,1,2,1,2,0.369120278
9,54,1,2,1,2,0.186785417
9,55,1,2,1,2,0.468275226
9,56,1,3,1,2,0.352634239
9,57,1,3,1,2,0.114558733
9,58,1,3,1,2,0.493517771
9,59,1,3,1,2,0.459846525
9,60,1,3,1,2,0.312167706
9,61,1,3,1,2,0.260196738
9,62,1,3,1,2,0.299322011
9,63,1,3,1,2,0.306605693
9,64,1,3,1,2,0.314904484
9,65,1,3,1,2,0.154831179
9,66,1,3,1,2,0.15065285
10,11,1,1,1,1,0.378072026
10,12,1,1,1,1,0.318024842
10,13,1,1,1,1,0.225529638
10,14,1,1,1,1,0.222994155
10,15,1,1,1,1,0.19466024
10,16,1,1,1,1,0.235274933
10,17,1,1,1,1,0.501129077
10,18,1,1,1,1,0.276309525
10,19,1,1,1,1,0.127512375
10,20,1,1,1,1,0.20695244
10,21,1,1,1,1,0.129684519
10,22,1,1,1,1,0.145197078
10,23,1,1,1,1,0.129086207
10,24,1,1,1,1,0.155451302
10,25,1,1,1,1,0.192551103
10,26,1,1,1,1,0.175426116
10,27,1,1,1,1,0.489597611
10,28,1,1,1,1,0.13814598
10,29,1,1,1,1,0.123593861
10,30,1,1,1,1,0.199782287
10,31,1,1,1,1,0.548345324
10,32,1,1,1,1,0.169639671
10,33,1,1,1,1,0.121125235
10,34,1,1,1,1,0.168232961
10,35,1,1,1,1,0.10792324
10,36,1,1,1,1,0.088523198
10,37,1,1,1,1,0.212090228
10,38,1,1,1,1,-0.000459377
10,39,1,1,1,1,0.113902007
10,40,1,2,1,2,0.132304774
10,41,1,2,1,2,0.139163994
10,42,1,2,1,2,0.397583555
10,43,1,2,1,2,0.189448725
10,44,1,2,1,2,0.112997089
10,45,1,2,1,2,0.277019833
10,46,1,2,1,2,0.339009623
10,47,1,2,1,2,0.160320379
10,48,1,2,1,2,0.342260654
10,49,1,2,1,2,0.187616502
10,50,1,2,1,2,0.199233425
10,51,1,2,1,2,0.142791289
10,52,1,2,1,2,0.290307715
10,53,1,2,1,2,0.139363509
10,54,1,2,1,2,0.130518143
10,55,1,2,1,2,0.231786987
10,56,1,3,1,2,0.160939355
10,57,1,3,1,2,0.134717179
10,58,1,3,1,2,0.15828378
10,59,1,3,1,2,0.151607282
10,60,1,3,1,2,0.23475966
10,61,1,3,1,2,0.077174988
10,62,1,3,1,2,0.188504002
10,63,1,3,1,2,0.141831801
10,64,1,3,1,2,0.133755747
10,65,1,3,1,2,0.135985643
10,66,1,3,1,2,0.139292205
11,12,1,1,1,1,0.364219224
11,13,1,1,1,1,0.625978886
11,14,1,1,1,1,0.220378681
11,15,1,1,1,1,0.085949705
11,16,1,1,1,1,0.174502939
11,17,1,1,1,1,0.674600748
11,18,1,1,1,1,0.389852252
11,19,1,1,1,1,0.349763604
11,20,1,1,1,1,0.511906015
11,21,1,1,1,1,0.119734544
11,22,1,1,1,1,-0.014551816
11,23,1,1,1,1,0.325055991
11,24,1,1,1,1,0.071473476
11,25,1,1,1,1,0.44387797
11,26,1,1,1,1,0.285863247
11,27,1,1,1,1,0.749186795
11,28,1,1,1,1,0.175748446
11,29,1,1,1,1,0.123426665
11,30,1,1,1,1,0.183713423
11,31,1,1,1,1,0.449712042
11,32,1,1,1,1,0.494591287
11,33,1,1,1,1,0.299894021
11,34,1,1,1,1,0.557925708
11,35,1,1,1,1,0.453201621
11,36,1,1,1,1,0.241625119
11,37,1,1,1,1,0.173969923
11,38,1,1,1,1,0.264451584
11,39,1,1,1,1,0.296778811
11,40,1,2,1,2,0.112369608
11,41,1,2,1,2,0.16628789
11,42,1,2,1,2,0.391566373
11,43,1,2,1,2,0.305537419
11,44,1,2,1,2,0.148005298
11,45,1,2,1,2,0.26035494
11,46,1,2,1,2,0.288019694
11,47,1,2,1,2,0.280279832
11,48,1,2,1,2,0.343490187
11,49,1,2,1,2,0.301278419
11,50,1,2,1,2,0.309187504
11,51,1,2,1,2,0.141363623
11,52,1,2,1,2,0.364544976
11,53,1,2,1,2,0.35764447
11,54,1,2,1,2,0.415591766
11,55,1,2,1,2,0.440159554
11,56,1,3,1,2,0.349547107
11,57,1,3,1,2,0.386058654
11,58,1,3,1,2,0.199948457
11,59,1,3,1,2,0.073538903
11,60,1,3,1,2,0.236123847
11,61,1,3,1,2,0.176774246
11,62,1,3,1,2,0.370646229
11,63,1,3,1,2,0.170551768
11,64,1,3,1,2,0.234383255
11,65,1,3,1,2,0.468915147
11,66,1,3,1,2,0.347116995
12,13,1,1,1,1,0.418513417
12,14,1,1,1,1,0.329139995
12,15,1,1,1,1,0.14617883
12,16,1,1,1,1,0.28522429
12,17,1,1,1,1,0.619760824
12,18,1,1,1,1,0.398528771
12,19,1,1,1,1,0.287695128
12,20,1,1,1,1,0.378012397
12,21,1,1,1,1,0.407889259
12,22,1,1,1,1,0.353748511
12,23,1,1,1,1,0.390762061
12,24,1,1,1,1,0.585206209
12,25,1,1,1,1,0.689881192
12,26,1,1,1,1,0.708112776
12,27,1,1,1,1,0.623525585
12,28,1,1,1,1,0.109249283
12,29,1,1,1,1,0.273808514
12,30,1,1,1,1,0.389104691
12,31,1,1,1,1,0.708260217
12,32,1,1,1,1,0.296105211
12,33,1,1,1,1,0.458045017
12,34,1,1,1,1,0.38932471
12,35,1,1,1,1,0.512631343
12,36,1,1,1,1,0.296504245
12,37,1,1,1,1,0.302082088
12,38,1,1,1,1,0.522192512
12,39,1,1,1,1,0.570116858
12,40,1,2,1,2,0.284012181
12,41,1,2,1,2,0.55107783
12,42,1,2,1,2,0.730142367
12,43,1,2,1,2,0.654081701
12,44,1,2,1,2,0.323782638
12,45,1,2,1,2,0.738388468
12,46,1,2,1,2,0.510190581
12,47,1,2,1,2,0.303478726
12,48,1,2,1,2,0.740015988
12,49,1,2,1,2,0.715457222
12,50,1,2,1,2,0.3903377
12,51,1,2,1,2,0.453579124
12,52,1,2,1,2,0.722842587
12,53,1,2,1,2,0.152568769
12,54,1,2,1,2,0.523064283
12,55,1,2,1,2,0.650787096
12,56,1,3,1,2,0.59646404
12,57,1,3,1,2,0.31679649
12,58,1,3,1,2,0.678591814
12,59,1,3,1,2,0.400030727
12,60,1,3,1,2,0.722506025
12,61,1,3,1,2,0.496074288
12,62,1,3,1,2,0.799237031
12,63,1,3,1,2,0.472781729
12,64,1,3,1,2,0.624699874
12,65,1,3,1,2,0.334533352
12,66,1,3,1,2,0.31065051
13,14,1,1,1,1,0.271588251
13,15,1,1,1,1,0.308045868
13,16,1,1,1,1,0.398123696
13,17,1,1,1,1,0.636646725
13,18,1,1,1,1,0.577064048
13,19,1,1,1,1,0.121436481
13,20,1,1,1,1,0.278525238
13,21,1,1,1,1,0.241435731
13,22,1,1,1,1,-0.007737829
13,23,1,1,1,1,0.714567777
13,24,1,1,1,1,0.46284509
13,25,1,1,1,1,0.651638585
13,26,1,1,1,1,0.483315664
13,27,1,1,1,1,0.661894387
13,28,1,1,1,1,0.094213866
13,29,1,1,1,1,0.004283078
13,30,1,1,1,1,0.213224952
13,31,1,1,1,1,0.380841714
13,32,1,1,1,1,0.225067845
13,33,1,1,1,1,0.215159257
13,34,1,1,1,1,0.86616747
13,35,1,1,1,1,0.442023733
13,36,1,1,1,1,-0.086825607
13,37,1,1,1,1,0.192644021
13,38,1,1,1,1,0.387381468
13,39,1,1,1,1,0.383176967
13,40,1,2,1,2,0.164149505
13,41,1,2,1,2,-0.01354178
13,42,1,2,1,2,0.357817421
13,43,1,2,1,2,0.305095931
13,44,1,2,1,2,0.084933801
13,45,1,2,1,2,0.311452719
13,46,1,2,1,2,0.264849119
13,47,1,2,1,2,0.220562774
13,48,1,2,1,2,0.380914173
13,49,1,2,1,2,0.383104032
13,50,1,2,1,2,0.149543097
13,51,1,2,1,2,0.233416971
13,52,1,2,1,2,0.403936204
13,53,1,2,1,2,0.236148076
13,54,1,2,1,2,0.366257427
13,55,1,2,1,2,0.381789477
13,56,1,3,1,2,0.269702504
13,57,1,3,1,2,0.200443404
13,58,1,3,1,2,0.122882615
13,59,1,3,1,2,-0.171435758
13,60,1,3,1,2,0.368911481
13,61,1,3,1,2,0.159960361
13,62,1,3,1,2,0.417831862
13,63,1,3,1,2,0.093100511
13,64,1,3,1,2,0.186059394
13,65,1,3,1,2,0.451602266
13,66,1,3,1,2,0.509507786
14,15,1,1,1,1,0.072626587
14,16,1,1,1,1,-0.02075962
14,17,1,1,1,1,0.360530101
14,18,1,1,1,1,0.341757167
14,19,1,1,1,1,0.126065752
14,20,1,1,1,1,0.191954468
14,21,1,1,1,1,0.159999059
14,22,1,1,1,1,0.186656583
14,23,1,1,1,1,0.185096926
14,24,1,1,1,1,0.212377663
14,25,1,1,1,1,0.447750877
14,26,1,1,1,1,0.299209496
14,27,1,1,1,1,0.483727213
14,28,1,1,1,1,0.106248918
14,29,1,1,1,1,0.084948134
14,30,1,1,1,1,0.152296642
14,31,1,1,1,1,0.277606782
14,32,1,1,1,1,-0.000113029
14,33,1,1,1,1,0.135499856
14,34,1,1,1,1,0.357446043
14,35,1,1,1,1,0.261950406
14,36,1,1,1,1,0.052795599
14,37,1,1,1,1,0.22132738
14,38,1,1,1,1,0.171387576
14,39,1,1,1,1,0.232863305
14,40,1,2,1,2,0.097119528
14,41,1,2,1,2,0.396065538
14,42,1,2,1,2,0.103293254
14,43,1,2,1,2,0.166289936
14,44,1,2,1,2,0.145789653
14,45,1,2,1,2,0.113177733
14,46,1,2,1,2,0.224641112
14,47,1,2,1,2,0.21542386
14,48,1,2,1,2,0.181177456
14,49,1,2,1,2,0.361361856
14,50,1,2,1,2,0.052996204
14,51,1,2,1,2,0.181398558
14,52,1,2,1,2,0.279523454
14,53,1,2,1,2,0.185566037
14,54,1,2,1,2,0.375190655
14,55,1,2,1,2,0.254672528
14,56,1,3,1,2,0.195334267
14,57,1,3,1,2,0.221924326
14,58,1,3,1,2,0.286420753
14,59,1,3,1,2,0.015047293
14,60,1,3,1,2,0.234852668
14,61,1,3,1,2,0.2242295
14,62,1,3,1,2,0.304361148
14,63,1,3,1,2,0.27679336
14,64,1,3,1,2,0.2701194
14,65,1,3,1,2,0.162026562
14,66,1,3,1,2,0.161200943
15,16,1,1,1,1,0.843354336
15,17,1,1,1,1,0.45227683
15,18,1,1,1,1,0.699391189
15,19,1,1,1,1,-0.008644738
15,20,1,1,1,1,0.351877226
15,21,1,1,1,1,0.538231456
15,22,1,1,1,1,0.528967047
15,23,1,1,1,1,0.445278138
15,24,1,1,1,1,0.428781385
15,25,1,1,1,1,0.375453805
15,26,1,1,1,1,0.382521075
15,27,1,1,1,1,0.344246472
15,28,1,1,1,1,0.003313986
15,29,1,1,1,1,0.169858577
15,30,1,1,1,1,0.090346643
15,31,1,1,1,1,0.226332433
15,32,1,1,1,1,0.207464688
15,33,1,1,1,1,0.019527128
15,34,1,1,1,1,0.262100913
15,35,1,1,1,1,0.426993406
15,36,1,1,1,1,0.057171901
15,37,1,1,1,1,0.172936113
15,38,1,1,1,1,0.394498905
15,39,1,1,1,1,0.337923656
15,40,1,2,1,2,0.124182616
15,41,1,2,1,2,-0.004220328
15,42,1,2,1,2,0.165762155
15,43,1,2,1,2,0.144359343
15,44,1,2,1,2,0.178331814
15,45,1,2,1,2,0.186150819
15,46,1,2,1,2,0.353519774
15,47,1,2,1,2,0.18510335
15,48,1,2,1,2,0.169782039
15,49,1,2,1,2,0.093468104
15,50,1,2,1,2,0.154889838
15,51,1,2,1,2,0.172562516
15,52,1,2,1,2,0.142428012
15,53,1,2,1,2,0.235165087
15,54,1,2,1,2,0.023896911
15,55,1,2,1,2,0.129140061
15,56,1,3,1,2,0.208668024
15,57,1,3,1,2,0.039392534
15,58,1,3,1,2,0.16864514
15,59,1,3,1,2,0.131536493
15,60,1,3,1,2,0.220170367
15,61,1,3,1,2,0.234549114
15,62,1,3,1,2,0.06518152
15,63,1,3,1,2,0.200245219
15,64,1,3,1,2,0.233842785
15,65,1,3,1,2,0.067053516
15,66,1,3,1,2,0.181322445
16,17,1,1,1,1,0.581185397
16,18,1,1,1,1,0.56783472
16,19,1,1,1,1,0.009678748
16,20,1,1,1,1,0.292253488
16,21,1,1,1,1,0.655430649
16,22,1,1,1,1,0.441529147
16,23,1,1,1,1,0.410372779
16,24,1,1,1,1,0.492372141
16,25,1,1,1,1,0.505938428
16,26,1,1,1,1,0.568366044
16,27,1,1,1,1,0.455013661
16,28,1,1,1,1,0.076815744
16,29,1,1,1,1,0.189451044
16,30,1,1,1,1,0.12341869
16,31,1,1,1,1,0.215929571
16,32,1,1,1,1,0.523745284
16,33,1,1,1,1,-0.039506938
16,34,1,1,1,1,0.393185948
16,35,1,1,1,1,0.359016968
16,36,1,1,1,1,0.161140245
16,37,1,1,1,1,0.118504911
16,38,1,1,1,1,0.505762473
16,39,1,1,1,1,0.414207052
16,40,1,2,1,2,0.186821564
16,41,1,2,1,2,0.078130804
16,42,1,2,1,2,0.270772841
16,43,1,2,1,2,0.260567639
16,44,1,2,1,2,0.115288064
16,45,1,2,1,2,0.308259551
16,46,1,2,1,2,0.268688992
16,47,1,2,1,2,0.202344716
16,48,1,2,1,2,0.285105532
16,49,1,2,1,2,0.056648242
16,50,1,2,1,2,0.100559045
16,51,1,2,1,2,0.153232751
16,52,1,2,1,2,0.152162747
16,53,1,2,1,2,0.032847908
16,54,1,2,1,2,0.06584981
16,55,1,2,1,2,0.17607072
16,56,1,3,1,2,0.247636773
16,57,1,3,1,2,0.19506188
16,58,1,3,1,2,0.176740782
16,59,1,3,1,2,0.078431861
16,60,1,3,1,2,0.305007884
16,61,1,3,1,2,0.157132993
16,62,1,3,1,2,0.195119212
16,63,1,3,1,2,0.133247257
16,64,1,3,1,2,0.272642555
16,65,1,3,1,2,0.134368706
16,66,1,3,1,2,0.117975377
17,18,1,1,1,1,0.621720334
17,19,1,1,1,1,0.232937545
17,20,1,1,1,1,0.512458998
17,21,1,1,1,1,0.400837116
17,22,1,1,1,1,0.323137369
17,23,1,1,1,1,0.529559837
17,24,1,1,1,1,0.438053078
17,25,1,1,1,1,0.703177469
17,26,1,1,1,1,0.552145492
17,27,1,1,1,1,0.883483103
17,28,1,1,1,1,0.194130028
17,29,1,1,1,1,0.223467345
17,30,1,1,1,1,0.335985137
17,31,1,1,1,1,0.561111439
17,32,1,1,1,1,0.541372478
17,33,1,1,1,1,0.414604426
17,34,1,1,1,1,0.623719941
17,35,1,1,1,1,0.560301256
17,36,1,1,1,1,0.269160026
17,37,1,1,1,1,0.266993775
17,38,1,1,1,1,0.534468065
17,39,1,1,1,1,0.522572043
17,40,1,2,1,2,0.211773912
17,41,1,2,1,2,0.240364766
17,42,1,2,1,2,0.506977995
17,43,1,2,1,2,0.488536412
17,44,1,2,1,2,0.124786331
17,45,1,2,1,2,0.485095249
17,46,1,2,1,2,0.463053981
17,47,1,2,1,2,0.449972408
17,48,1,2,1,2,0.526542385
17,49,1,2,1,2,0.368302991
17,50,1,2,1,2,0.373599416
17,51,1,2,1,2,0.333513665
17,52,1,2,1,2,0.452759173
17,53,1,2,1,2,0.28845169
17,54,1,2,1,2,0.507634755
17,55,1,2,1,2,0.435042715
17,56,1,3,1,2,0.438723758
17,57,1,3,1,2,0.519245759
17,58,1,3,1,2,0.305836376
17,59,1,3,1,2,0.174115339
17,60,1,3,1,2,0.439366988
17,61,1,3,1,2,0.233115669
17,62,1,3,1,2,0.546281154
17,63,1,3,1,2,0.402367346
17,64,1,3,1,2,0.530415513
17,65,1,3,1,2,0.297527741
17,66,1,3,1,2,0.290800254
18,19,1,1,1,1,0.280582817
18,20,1,1,1,1,0.578481674
18,21,1,1,1,1,0.47538583
18,22,1,1,1,1,0.257776538
18,23,1,1,1,1,0.640463655
18,24,1,1,1,1,0.497804706
18,25,1,1,1,1,0.613817616
18,26,1,1,1,1,0.495257989
18,27,1,1,1,1,0.586421276
18,28,1,1,1,1,0.155969617
18,29,1,1,1,1,0.295002283
18,30,1,1,1,1,0.21007502
18,31,1,1,1,1,0.560459492
18,32,1,1,1,1,0.124120042
18,33,1,1,1,1,0.228565256
18,34,1,1,1,1,0.536478714
18,35,1,1,1,1,0.501679724
18,36,1,1,1,1,0.137294441
18,37,1,1,1,1,0.309008712
18,38,1,1,1,1,0.397007378
18,39,1,1,1,1,0.422480769
18,40,1,2,1,2,0.267998553
18,41,1,2,1,2,0.313421465
18,42,1,2,1,2,0.380651833
18,43,1,2,1,2,0.387790901
18,44,1,2,1,2,0.158865515
18,45,1,2,1,2,0.364472343
18,46,1,2,1,2,0.53064903
18,47,1,2,1,2,0.220753595
18,48,1,2,1,2,0.352063176
18,49,1,2,1,2,0.480264456
18,50,1,2,1,2,0.220785703
18,51,1,2,1,2,0.103437043
18,52,1,2,1,2,0.421889881
18,53,1,2,1,2,0.318173996
18,54,1,2,1,2,0.294399725
18,55,1,2,1,2,0.337366827
18,56,1,3,1,2,0.350568391
18,57,1,3,1,2,0.045986364
18,58,1,3,1,2,0.209776838
18,59,1,3,1,2,0.076704421
18,60,1,3,1,2,0.394209209
18,61,1,3,1,2,0.311717469
18,62,1,3,1,2,0.296565155
18,63,1,3,1,2,0.268958776
18,64,1,3,1,2,0.211934693
18,65,1,3,1,2,0.173415702
18,66,1,3,1,2,0.373277617
19,20,1,1,1,1,0.483113848
19,21,1,1,1,1,0.059826937
19,22,1,1,1,1,0.010923403
19,23,1,1,1,1,0.450877209
19,24,1,1,1,1,0.181733712
19,25,1,1,1,1,0.187317099
19,26,1,1,1,1,0.049976552
19,27,1,1,1,1,0.365638933
19,28,1,1,1,1,0.080691937
19,29,1,1,1,1,0.096634084
19,30,1,1,1,1,0.121553874
19,31,1,1,1,1,0.49666557
19,32,1,1,1,1,0.210109136
19,33,1,1,1,1,0.031612052
19,34,1,1,1,1,0.196233921
19,35,1,1,1,1,0.279900195
19,36,1,1,1,1,0.293615646
19,37,1,1,1,1,0.125493336
19,38,1,1,1,1,0.060416825
19,39,1,1,1,1,0.080612226
19,40,1,2,1,2,0.107317682
19,41,1,2,1,2,0.221643504
19,42,1,2,1,2,0.159422217
19,43,1,2,1,2,0.233214246
19,44,1,2,1,2,0.15465776
19,45,1,2,1,2,0.234244025
19,46,1,2,1,2,0.247973751
19,47,1,2,1,2,0.013443054
19,48,1,2,1,2,0.296067176
19,49,1,2,1,2,0.063204735
19,50,1,2,1,2,0.089068069
19,51,1,2,1,2,0.213685669
19,52,1,2,1,2,0.199367931
19,53,1,2,1,2,0.026623613
19,54,1,2,1,2,0.054711618
19,55,1,2,1,2,0.134546015
19,56,1,3,1,2,0.144725667
19,57,1,3,1,2,0.15140994
19,58,1,3,1,2,0.115421837
19,59,1,3,1,2,0.042466536
19,60,1,3,1,2,0.097290101
19,61,1,3,1,2,0.156398562
19,62,1,3,1,2,0.127080179
19,63,1,3,1,2,0.447715611
19,64,1,3,1,2,0.126735595
19,65,1,3,1,2,0.036183397
19,66,1,3,1,2,0.148320786
20,21,1,1,1,1,0.262368114
20,22,1,1,1,1,0.215661763
20,23,1,1,1,1,0.476575558
20,24,1,1,1,1,0.138833447
20,25,1,1,1,1,0.377296469
20,26,1,1,1,1,0.309595218
20,27,1,1,1,1,0.543426076
20,28,1,1,1,1,0.030786529
20,29,1,1,1,1,0.122467795
20,30,1,1,1,1,0.225078269
20,31,1,1,1,1,0.473282421
20,32,1,1,1,1,0.162572774
20,33,1,1,1,1,0.111564103
20,34,1,1,1,1,0.182236478
20,35,1,1,1,1,0.2767767
20,36,1,1,1,1,0.691047541
20,37,1,1,1,1,0.701304656
20,38,1,1,1,1,0.595232825
20,39,1,1,1,1,0.745085562
20,40,1,2,1,2,0.028519246
20,41,1,2,1,2,0.285910172
20,42,1,2,1,2,0.299914792
20,43,1,2,1,2,0.425233996
20,44,1,2,1,2,0.145946663
20,45,1,2,1,2,0.408832503
20,46,1,2,1,2,0.399247198
20,47,1,2,1,2,0.284107179
20,48,1,2,1,2,0.406313972
20,49,1,2,1,2,0.360045229
20,50,1,2,1,2,0.245924134
20,51,1,2,1,2,0.084401416
20,52,1,2,1,2,0.315495991
20,53,1,2,1,2,0.243506539
20,54,1,2,1,2,0.2855607
20,55,1,2,1,2,0.351421481
20,56,1,3,1,2,0.312379673
20,57,1,3,1,2,0.178079404
20,58,1,3,1,2,0.222876881
20,59,1,3,1,2,0.145571732
20,60,1,3,1,2,0.346311889
20,61,1,3,1,2,0.164425831
20,62,1,3,1,2,0.321178057
20,63,1,3,1,2,0.319107295
20,64,1,3,1,2,0.27866328
20,65,1,3,1,2,0.126838334
20,66,1,3,1,2,0.17545144
21,22,1,1,1,1,0.376564799
21,23,1,1,1,1,0.193229138
21,24,1,1,1,1,0.678631369
21,25,1,1,1,1,0.311273172
21,26,1,1,1,1,0.360361476
21,27,1,1,1,1,0.510219895
21,28,1,1,1,1,0.150322066
21,29,1,1,1,1,0.106828991
21,30,1,1,1,1,0.192265988
21,31,1,1,1,1,0.307061667
21,32,1,1,1,1,0.436208966
21,33,1,1,1,1,0.123120208
21,34,1,1,1,1,0.328176183
21,35,1,1,1,1,0.531506778
21,36,1,1,1,1,0.383902957
21,37,1,1,1,1,0.008010514
21,38,1,1,1,1,0.210975534
21,39,1,1,1,1,0.238733204
21,40,1,2,1,2,-0.001590814
21,41,1,2,1,2,0.516591148
21,42,1,2,1,2,0.556763266
21,43,1,2,1,2,0.275903673
21,44,1,2,1,2,0.182280453
21,45,1,2,1,2,0.347391049
21,46,1,2,1,2,0.250047217
21,47,1,2,1,2,-0.104139678
21,48,1,2,1,2,0.263765598
21,49,1,2,1,2,0.375664902
21,50,1,2,1,2,0.157166788
21,51,1,2,1,2,0.11088401
21,52,1,2,1,2,0.289879251
21,53,1,2,1,2,-0.081989939
21,54,1,2,1,2,0.025980493
21,55,1,2,1,2,0.234360913
21,56,1,3,1,2,0.260059311
21,57,1,3,1,2,-0.074756047
21,58,1,3,1,2,0.221973799
21,59,1,3,1,2,0.079253416
21,60,1,3,1,2,0.35230821
21,61,1,3,1,2,0.24206811
21,62,1,3,1,2,0.22383733
21,63,1,3,1,2,-0.031100343
21,64,1,3,1,2,0.068116688
21,65,1,3,1,2,0.382294491
21,66,1,3,1,2,0.157814785
22,23,1,1,1,1,0.264640631
22,24,1,1,1,1,0.164163897
22,25,1,1,1,1,0.284277804
22,26,1,1,1,1,0.222147057
22,27,1,1,1,1,0.198410532
22,28,1,1,1,1,0.09388467
22,29,1,1,1,1,0.087914767
22,30,1,1,1,1,0.096749358
22,31,1,1,1,1,0.345003603
22,32,1,1,1,1,0.062598993
22,33,1,1,1,1,0.110185013
22,34,1,1,1,1,-0.140346879
22,35,1,1,1,1,0.25063424
22,36,1,1,1,1,0.242280591
22,37,1,1,1,1,0.146091624
22,38,1,1,1,1,0.238295117
22,39,1,1,1,1,0.386342492
22,40,1,2,1,2,0.114001147
22,41,1,2,1,2,0.175085019
22,42,1,2,1,2,0.129392979
22,43,1,2,1,2,0.266955376
22,44,1,2,1,2,0.120833558
22,45,1,2,1,2,0.22912913
22,46,1,2,1,2,0.314016785
22,47,1,2,1,2,0.308180801
22,48,1,2,1,2,0.324332916
22,49,1,2,1,2,0.148496548
22,50,1,2,1,2,0.24100887
22,51,1,2,1,2,0.29811523
22,52,1,2,1,2,0.241067715
22,53,1,2,1,2,0.004058163
22,54,1,2,1,2,0.110906516
22,55,1,2,1,2,0.193117011
22,56,1,3,1,2,0.188711669
22,57,1,3,1,2,0.213209417
22,58,1,3,1,2,0.251332177
22,59,1,3,1,2,-0.022671513
22,60,1,3,1,2,0.134725924
22,61,1,3,1,2,0.212352954
22,62,1,3,1,2,0.311464805
22,63,1,3,1,2,0.20483661
22,64,1,3,1,2,0.37875194
22,65,1,3,1,2,0.173854366
22,66,1,3,1,2,0.265814616
23,24,1,1,1,1,0.383208257
23,25,1,1,1,1,0.621249664
23,26,1,1,1,1,0.43426627
23,27,1,1,1,1,0.492495045
23,28,1,1,1,1,0.086329866
23,29,1,1,1,1,-0.027912422
23,30,1,1,1,1,0.102917597
23,31,1,1,1,1,0.405611434
23,32,1,1,1,1,-0.050859678
23,33,1,1,1,1,0.131829371
23,34,1,1,1,1,0.526220806
23,35,1,1,1,1,0.283984719
23,36,1,1,1,1,-0.007571439
23,37,1,1,1,1,0.242754672
23,38,1,1,1,1,0.423372165
23,39,1,1,1,1,0.449379781
23,40,1,2,1,2,0.039693932
23,41,1,2,1,2,-0.018135567
23,42,1,2,1,2,0.206138183
23,43,1,2,1,2,0.478167402
23,44,1,2,1,2,0.069357805
23,45,1,2,1,2,0.464322151
23,46,1,2,1,2,0.378576331
23,47,1,2,1,2,0.37380693
23,48,1,2,1,2,0.520907482
23,49,1,2,1,2,0.312499208
23,50,1,2,1,2,0.074064993
23,51,1,2,1,2,0.19483309
23,52,1,2,1,2,0.308438732
23,53,1,2,1,2,0.154677108
23,54,1,2,1,2,0.336677887
23,55,1,2,1,2,0.210798418
23,56,1,3,1,2,0.222047089
23,57,1,3,1,2,0.259713044
23,58,1,3,1,2,0.116799471
23,59,1,3,1,2,-0.183136319
23,60,1,3,1,2,0.360312404
23,61,1,3,1,2,0.127853544
23,62,1,3,1,2,0.396517055
23,63,1,3,1,2,0.392800249
23,64,1,3,1,2,0.332538647
23,65,1,3,1,2,0.123864315
23,66,1,3,1,2,0.396010355
24,25,1,1,1,1,0.418473846
24,26,1,1,1,1,0.479368305
24,27,1,1,1,1,0.449302205
24,28,1,1,1,1,0.170250463
24,29,1,1,1,1,0.091642975
24,30,1,1,1,1,0.094468157
24,31,1,1,1,1,0.367655622
24,32,1,1,1,1,0.277684449
24,33,1,1,1,1,0.300152612
24,34,1,1,1,1,0.58470374
24,35,1,1,1,1,0.584309063
24,36,1,1,1,1,0.113065385
24,37,1,1,1,1,0.123018665
24,38,1,1,1,1,0.368222761
24,39,1,1,1,1,0.251747989
24,40,1,2,1,2,0.26198159
24,41,1,2,1,2,0.275044897
24,42,1,2,1,2,0.549417987
24,43,1,2,1,2,0.159955626
24,44,1,2,1,2,0.22069694
24,45,1,2,1,2,0.316733722
24,46,1,2,1,2,0.252619383
24,47,1,2,1,2,-0.255978771
24,48,1,2,1,2,0.276310459
24,49,1,2,1,2,0.395948416
24,50,1,2,1,2,0.108998598
24,51,1,2,1,2,0.41907434
24,52,1,2,1,2,0.440075471
24,53,1,2,1,2,-0.025956638
24,54,1,2,1,2,0.009145262
24,55,1,2,1,2,0.274299832
24,56,1,3,1,2,0.307286337
24,57,1,3,1,2,-0.168024364
24,58,1,3,1,2,0.30727552
24,59,1,3,1,2,0.234798149
24,60,1,3,1,2,0.481370999
24,61,1,3,1,2,0.352588254
24,62,1,3,1,2,0.330983447
24,63,1,3,1,2,0.147685927
24,64,1,3,1,2,0.131876002
24,65,1,3,1,2,0.253052421
24,66,1,3,1,2,0.222615639
25,26,1,1,1,1,0.826475885
25,27,1,1,1,1,0.638811788
25,28,1,1,1,1,0.359630521
25,29,1,1,1,1,0.416121717
25,30,1,1,1,1,0.355642906
25,31,1,1,1,1,0.504923165
25,32,1,1,1,1,0.333712363
25,33,1,1,1,1,0.316264813
25,34,1,1,1,1,0.65253
25,35,1,1,1,1,0.433594633
25,36,1,1,1,1,0.066567384
25,37,1,1,1,1,0.286455038
25,38,1,1,1,1,0.646671227
25,39,1,1,1,1,0.593063544
25,40,1,2,1,2,0.25212717
25,41,1,2,1,2,0.276417438
25,42,1,2,1,2,0.374169773
25,43,1,2,1,2,0.580425221
25,44,1,2,1,2,0.204532045
25,45,1,2,1,2,0.541323117
25,46,1,2,1,2,0.341981201
25,47,1,2,1,2,0.507365424
25,48,1,2,1,2,0.592168963
25,49,1,2,1,2,0.475788322
25,50,1,2,1,2,0.195498651
25,51,1,2,1,2,0.239081293
25,52,1,2,1,2,0.4615118
25,53,1,2,1,2,0.19021883
25,54,1,2,1,2,0.591018421
25,55,1,2,1,2,0.424144258
25,56,1,3,1,2,0.439141626
25,57,1,3,1,2,0.505442375
25,58,1,3,1,2,0.422914546
25,59,1,3,1,2,0.126309185
25,60,1,3,1,2,0.533727848
25,61,1,3,1,2,0.289130599
25,62,1,3,1,2,0.64574962
25,63,1,3,1,2,0.420879268
25,64,1,3,1,2,0.577635009
25,65,1,3,1,2,0.194541746
25,66,1,3,1,2,0.265765071
26,27,1,1,1,1,0.429549828
26,28,1,1,1,1,0.094024246
26,29,1,1,1,1,0.318404159
26,30,1,1,1,1,0.131754981
26,31,1,1,1,1,0.278037714
26,32,1,1,1,1,0.304486858
26,33,1,1,1,1,0.231094644
26,34,1,1,1,1,0.43325149
26,35,1,1,1,1,0.287456593
26,36,1,1,1,1,0.014168626
26,37,1,1,1,1,0.194981585
26,38,1,1,1,1,0.737353151
26,39,1,1,1,1,0.600477439
26,40,1,2,1,2,0.203439216
26,41,1,2,1,2,0.27292162
26,42,1,2,1,2,0.378064667
26,43,1,2,1,2,0.47783332
26,44,1,2,1,2,0.109516433
26,45,1,2,1,2,0.530338078
26,46,1,2,1,2,0.241302293
26,47,1,2,1,2,0.326457524
26,48,1,2,1,2,0.508612088
26,49,1,2,1,2,0.482198212
26,50,1,2,1,2,0.016352366
26,51,1,2,1,2,0.221420761
26,52,1,2,1,2,0.445622253
26,53,1,2,1,2,0.072438679
26,54,1,2,1,2,0.438143757
26,55,1,2,1,2,0.427584495
26,56,1,3,1,2,0.457320021
26,57,1,3,1,2,0.297695548
26,58,1,3,1,2,0.571422017
26,59,1,3,1,2,0.33934264
26,60,1,3,1,2,0.705282048
26,61,1,3,1,2,0.331159463
26,62,1,3,1,2,0.619853187
26,63,1,3,1,2,0.370310791
26,64,1,3,1,2,0.55264811
26,65,1,3,1,2,0.041405095
26,66,1,3,1,2,0.046923037
27,28,1,1,1,1,0.173352991
27,29,1,1,1,1,0.150355104
27,30,1,1,1,1,0.426833595
27,31,1,1,1,1,0.664618172
27,32,1,1,1,1,0.522035164
27,33,1,1,1,1,0.320507632
27,34,1,1,1,1,0.670095961
27,35,1,1,1,1,0.60299489
27,36,1,1,1,1,0.358867915
27,37,1,1,1,1,0.252770341
27,38,1,1,1,1,0.353918101
27,39,1,1,1,1,0.416929731
27,40,1,2,1,2,0.148756395
27,41,1,2,1,2,0.42529826
27,42,1,2,1,2,0.596227569
27,43,1,2,1,2,0.502103727
27,44,1,2,1,2,0.261381554
27,45,1,2,1,2,0.527242932
27,46,1,2,1,2,0.488233224
27,47,1,2,1,2,0.333860496
27,48,1,2,1,2,0.530088725
27,49,1,2,1,2,0.460524613
27,50,1,2,1,2,0.362580397
27,51,1,2,1,2,0.220965927
27,52,1,2,1,2,0.45516303
27,53,1,2,1,2,0.285853346
27,54,1,2,1,2,0.477433943
27,55,1,2,1,2,0.463183628
27,56,1,3,1,2,0.474224943
27,57,1,3,1,2,0.460984611
27,58,1,3,1,2,0.34447294
27,59,1,3,1,2,0.127806111
27,60,1,3,1,2,0.452041986
27,61,1,3,1,2,0.305028652
27,62,1,3,1,2,0.527952965
27,63,1,3,1,2,0.350524278
27,64,1,3,1,2,0.419020264
27,65,1,3,1,2,0.482107984
27,66,1,3,1,2,0.381950936
28,29,1,1,1,1,0.09367194
28,30,1,1,1,1,0.101281096
28,31,1,1,1,1,0.225137495
28,32,1,1,1,1,0.158576993
28,33,1,1,1,1,0.073751195
28,34,1,1,1,1,0.30719511
28,35,1,1,1,1,0.088340541
28,36,1,1,1,1,0.073687683
28,37,1,1,1,1,0.085629231
28,38,1,1,1,1,0.141484344
28,39,1,1,1,1,0.094068087
28,40,1,2,1,2,0.114076371
28,41,1,2,1,2,0.126156972
28,42,1,2,1,2,0.188309031
28,43,1,2,1,2,0.155895663
28,44,1,2,1,2,0.111213435
28,45,1,2,1,2,0.093648658
28,46,1,2,1,2,0.108368808
28,47,1,2,1,2,0.046641142
28,48,1,2,1,2,0.158772786
28,49,1,2,1,2,0.085864351
28,50,1,2,1,2,0.191476151
28,51,1,2,1,2,0.081417874
28,52,1,2,1,2,0.127130919
28,53,1,2,1,2,0.190029096
28,54,1,2,1,2,0.182993666
28,55,1,2,1,2,0.150324064
28,56,1,3,1,2,0.17551983
28,57,1,3,1,2,0.143018345
28,58,1,3,1,2,0.112020156
28,59,1,3,1,2,0.162492025
28,60,1,3,1,2,0.053925903
28,61,1,3,1,2,0.095681078
28,62,1,3,1,2,0.251257176
28,63,1,3,1,2,0.11060118
28,64,1,3,1,2,0.077558872
28,65,1,3,1,2,0.083690318
28,66,1,3,1,2,0.086028357
29,30,1,1,1,1,0.145526403
29,31,1,1,1,1,0.363373584
29,32,1,1,1,1,0.375323893
29,33,1,1,1,1,0.085185355
29,34,1,1,1,1,0.150262877
29,35,1,1,1,1,0.32344383
29,36,1,1,1,1,0.069981378
29,37,1,1,1,1,0.143691894
29,38,1,1,1,1,0.172080482
29,39,1,1,1,1,0.059380877
29,40,1,2,1,2,0.099595409
29,41,1,2,1,2,0.24093834
29,42,1,2,1,2,0.205005471
29,43,1,2,1,2,0.191584484
29,44,1,2,1,2,0.136454071
29,45,1,2,1,2,0.182961522
29,46,1,2,1,2,0.070027712
29,47,1,2,1,2,0.211387829
29,48,1,2,1,2,0.19120916
29,49,1,2,1,2,0.252802654
29,50,1,2,1,2,0.22577497
29,51,1,2,1,2,0.169429821
29,52,1,2,1,2,0.231699141
29,53,1,2,1,2,0.024798279
29,54,1,2,1,2,0.179490644
29,55,1,2,1,2,0.173899076
29,56,1,3,1,2,0.206058555
29,57,1,3,1,2,0.177857989
29,58,1,3,1,2,0.195222153
29,59,1,3,1,2,0.112057163
29,60,1,3,1,2,0.106252919
29,61,1,3,1,2,0.15084037
29,62,1,3,1,2,0.131896605
29,63,1,3,1,2,0.149923612
29,64,1,3,1,2,0.173349673
29,65,1,3,1,2,0.135042878
29,66,1,3,1,2,0.149981572
30,31,1,1,1,1,0.54407124
30,32,1,1,1,1,0.123686097
30,33,1,1,1,1,0.119242222
30,34,1,1,1,1,0.237623714
30,35,1,1,1,1,0.321926323
30,36,1,1,1,1,0.14147539
30,37,1,1,1,1,0.148120922
30,38,1,1,1,1,0.144964526
30,39,1,1,1,1,0.263738872
30,40,1,2,1,2,0.117822935
30,41,1,2,1,2,0.17691874
30,42,1,2,1,2,0.293677378
30,43,1,2,1,2,0.190235354
30,44,1,2,1,2,0.138053897
30,45,1,2,1,2,0.22888523
30,46,1,2,1,2,0.185349731
30,47,1,2,1,2,0.135268685
30,48,1,2,1,2,0.225750277
30,49,1,2,1,2,0.208272159
30,50,1,2,1,2,0.312213658
30,51,1,2,1,2,0.167916015
30,52,1,2,1,2,0.227189015
30,53,1,2,1,2,0.162844087
30,54,1,2,1,2,0.221596396
30,55,1,2,1,2,0.24593516
30,56,1,3,1,2,0.136607656
30,57,1,3,1,2,0.154567454
30,58,1,3,1,2,0.19138396
30,59,1,3,1,2,0.133578419
30,60,1,3,1,2,0.231475371
30,61,1,3,1,2,0.143557375
30,62,1,3,1,2,0.249015512
30,63,1,3,1,2,0.191230551
30,64,1,3,1,2,0.200086126
30,65,1,3,1,2,0.133703672
30,66,1,3,1,2,0.171654878
31,32,1,1,1,1,0.217006681
31,33,1,1,1,1,0.2615478
31,34,1,1,1,1,0.35552131
31,35,1,1,1,1,0.483048466
31,36,1,1,1,1,0.361940161
31,37,1,1,1,1,0.381425238
31,38,1,1,1,1,0.15032979
31,39,1,1,1,1,0.351138059
31,40,1,2,1,2,0.289269506
31,41,1,2,1,2,0.470375273
31,42,1,2,1,2,0.601853494
31,43,1,2,1,2,0.475934184
31,44,1,2,1,2,0.279885416
31,45,1,2,1,2,0.528797714
31,46,1,2,1,2,0.563593484
31,47,1,2,1,2,0.208922158
31,48,1,2,1,2,0.556657996
31,49,1,2,1,2,0.531419327
31,50,1,2,1,2,0.459115849
31,51,1,2,1,2,0.303812832
31,52,1,2,1,2,0.576837952
31,53,1,2,1,2,0.226512733
31,54,1,2,1,2,0.304088358
31,55,1,2,1,2,0.513060134
31,56,1,3,1,2,0.469256625
31,57,1,3,1,2,0.206401345
31,58,1,3,1,2,0.417343864
31,59,1,3,1,2,0.186569011
31,60,1,3,1,2,0.407334487
31,61,1,3,1,2,0.421383133
31,62,1,3,1,2,0.527635524
31,63,1,3,1,2,0.374392979
31,64,1,3,1,2,0.327234522
31,65,1,3,1,2,0.41569394
31,66,1,3,1,2,0.524047692
32,33,1,1,1,1,0.221418534
32,34,1,1,1,1,0.475445892
32,35,1,1,1,1,0.566364298
32,36,1,1,1,1,0.383665996
32,37,1,1,1,1,0.04469585
32,38,1,1,1,1,0.26086708
32,39,1,1,1,1,0.161196689
32,40,1,2,1,2,0.078356597
32,41,1,2,1,2,0.184388199
32,42,1,2,1,2,0.350359011
32,43,1,2,1,2,0.155535192
32,44,1,2,1,2,0.146490458
32,45,1,2,1,2,0.129942599
32,46,1,2,1,2,0.042753433
32,47,1,2,1,2,0.146731945
32,48,1,2,1,2,0.195736638
32,49,1,2,1,2,-0.028698841
32,50,1,2,1,2,0.307332618
32,51,1,2,1,2,0.326529312
32,52,1,2,1,2,0.187198522
32,53,1,2,1,2,0.041118133
32,54,1,2,1,2,0.156222083
32,55,1,2,1,2,0.287285284
32,56,1,3,1,2,0.245573188
32,57,1,3,1,2,0.39481403
32,58,1,3,1,2,0.145298956
32,59,1,3,1,2,0.181811726
32,60,1,3,1,2,0.029288682
32,61,1,3,1,2,0.115846358
32,62,1,3,1,2,0.169357926
32,63,1,3,1,2,0.11173099
32,64,1,3,1,2,0.256924149
32,65,1,3,1,2,0.385136338
32,66,1,3,1,2,0.033418756
33,34,1,1,1,1,0.278808025
33,35,1,1,1,1,0.569238281
33,36,1,1,1,1,0.165012087
33,37,1,1,1,1,0.094388569
33,38,1,1,1,1,0.09256682
33,39,1,1,1,1,0.170393197
33,40,1,2,1,2,0.144530708
33,41,1,2,1,2,0.109906113
33,42,1,2,1,2,0.317909504
33,43,1,2,1,2,0.230445964
33,44,1,2,1,2,0.14446819
33,45,1,2,1,2,0.131089747
33,46,1,2,1,2,0.139259904
33,47,1,2,1,2,0.18828676
33,48,1,2,1,2,0.233834242
33,49,1,2,1,2,0.241902524
33,50,1,2,1,2,0.238993742
33,51,1,2,1,2,0.195523414
33,52,1,2,1,2,0.32899795
33,53,1,2,1,2,0.058269553
33,54,1,2,1,2,0.308752134
33,55,1,2,1,2,0.131325606
33,56,1,3,1,2,0.187173804
33,57,1,3,1,2,0.283912022
33,58,1,3,1,2,0.079955095
33,59,1,3,1,2,0.239415086
33,60,1,3,1,2,0.103712302
33,61,1,3,1,2,0.176858565
33,62,1,3,1,2,0.282498968
33,63,1,3,1,2,0.191243963
33,64,1,3,1,2,0.37543952
33,65,1,3,1,2,0.150454234
33,66,1,3,1,2,0.017760821
34,35,1,1,2,1,0.602780266
34,36,1,1,2,1,-0.024217136
34,37,1,1,2,1,0.182045422
34,38,1,1,2,1,0.367999357
34,39,1,1,2,1,0.273945106
34,40,1,2,2,2,0.177561071
34,41,1,2,2,2,0.052734253
34,42,1,2,2,2,0.382891993
34,43,1,2,2,2,0.227763728
34,44,1,2,2,2,0.213772499
34,45,1,2,2,2,0.204017913
34,46,1,2,2,2,0.188736969
34,47,1,2,2,2,0.114367403
34,48,1,2,2,2,0.310351888
34,49,1,2,2,2,0.290654914
34,50,1,2,2,2,0.213613825
34,51,1,2,2,2,0.347767965
34,52,1,2,2,2,0.371430852
34,53,1,2,2,2,0.239246019
34,54,1,2,2,2,0.323301222
34,55,1,2,2,2,0.36921408
34,56,1,3,2,2,0.299772284
34,57,1,3,2,2,0.230199251
34,58,1,3,2,2,0.143356214
34,59,1,3,2,2,-0.007907593
34,60,1,3,2,2,0.266162065
34,61,1,3,2,2,0.217147985
34,62,1,3,2,2,0.35126799
34,63,1,3,2,2,0.164670008
34,64,1,3,2,2,0.199961446
34,65,1,3,2,2,0.469892987
34,66,1,3,2,2,0.426895648
35,36,1,1,2,1,0.2500996
35,37,1,1,2,1,0.124189115
35,38,1,1,2,1,0.201691309
35,39,1,1,2,1,0.203876618
35,40,1,2,2,2,0.147011099
35,41,1,2,2,2,0.313344665
35,42,1,2,2,2,0.587511644
35,43,1,2,2,2,0.232012338
35,44,1,2,2,2,0.241807624
35,45,1,2,2,2,0.230509235
35,46,1,2,2,2,0.372086547
35,47,1,2,2,2,0.164253961
35,48,1,2,2,2,0.3071493
35,49,1,2,2,2,0.412208822
35,50,1,2,2,2,0.580101737
35,51,1,2,2,2,0.623246863
35,52,1,2,2,2,0.601402431
35,53,1,2,2,2,0.379230365
35,54,1,2,2,2,0.343582036
35,55,1,2,2,2,0.503713553
35,56,1,3,2,2,0.355176772
35,57,1,3,2,2,0.185371167
35,58,1,3,2,2,0.293456519
35,59,1,3,2,2,0.256178355
35,60,1,3,2,2,0.230543403
35,61,1,3,2,2,0.436011886
35,62,1,3,2,2,0.317697988
35,63,1,3,2,2,0.319857282
35,64,1,3,2,2,0.34874531
35,65,1,3,2,2,0.53374063
35,66,1,3,2,2,0.353968683
36,37,1,1,2,1,0.666193572
36,38,1,1,2,1,0.290190551
36,39,1,1,2,1,0.565491038
36,40,1,2,2,2,0.063011738
36,41,1,2,2,2,0.432364821
36,42,1,2,2,2,0.320334213
36,43,1,2,2,2,0.266518887
36,44,1,2,2,2,0.060351014
36,45,1,2,2,2,0.232493989
36,46,1,2,2,2,0.214128725
36,47,1,2,2,2,0.090473953
36,48,1,2,2,2,0.218522939
36,49,1,2,2,2,0.176843732
36,50,1,2,2,2,0.301364195
36,51,1,2,2,2,0.071308847
36,52,1,2,2,2,0.237014444
36,53,1,2,2,2,-0.041802975
36,54,1,2,2,2,0.087235427
36,55,1,2,2,2,0.249728097
36,56,1,3,2,2,0.235843816
36,57,1,3,2,2,0.170806146
36,58,1,3,2,2,0.093289346
36,59,1,3,2,2,0.100030858
36,60,1,3,2,2,0.105275604
36,61,1,3,2,2,0.13398178
36,62,1,3,2,2,0.230148814
36,63,1,3,2,2,0.075809707
36,64,1,3,2,2,0.156129835
36,65,1,3,2,2,0.306347281
36,66,1,3,2,2,0.072786542
37,38,1,1,2,1,0.567132112
37,39,1,1,2,1,0.78955698
37,40,1,2,2,2,0.143659687
37,41,1,2,2,2,0.107385586
37,42,1,2,2,2,0.179760567
37,43,1,2,2,2,0.251202082
37,44,1,2,2,2,0.171190135
37,45,1,2,2,2,0.22307745
37,46,1,2,2,2,0.256321539
37,47,1,2,2,2,0.232741754
37,48,1,2,2,2,0.306362138
37,49,1,2,2,2,0.254068835
37,50,1,2,2,2,0.271815935
37,51,1,2,2,2,0.221224428
37,52,1,2,2,2,0.311725389
37,53,1,2,2,2,0.172315464
37,54,1,2,2,2,0.192872263
37,55,1,2,2,2,0.342192554
37,56,1,3,2,2,0.24688588
37,57,1,3,2,2,0.11627972
37,58,1,3,2,2,0.167755113
37,59,1,3,2,2,0.124343404
37,60,1,3,2,2,0.201866942
37,61,1,3,2,2,0.155867471
37,62,1,3,2,2,0.297433845
37,63,1,3,2,2,0.184990374
37,64,1,3,2,2,0.249027242
37,65,1,3,2,2,0.184365961
37,66,1,3,2,2,0.223032735
38,39,1,1,2,1,0.869292566
38,40,1,2,2,2,0.108635843
38,41,1,2,2,2,0.038594616
38,42,1,2,2,2,0.225640456
38,43,1,2,2,2,0.397285255
38,44,1,2,2,2,0.21054715
38,45,1,2,2,2,0.421144968
38,46,1,2,2,2,0.198158321
38,47,1,2,2,2,0.312086648
38,48,1,2,2,2,0.454061042
38,49,1,2,2,2,0.305950363
38,50,1,2,2,2,0.121926901
38,51,1,2,2,2,0.323566881
38,52,1,2,2,2,0.297635296
38,53,1,2,2,2,0.174713751
38,54,1,2,2,2,0.350027972
38,55,1,2,2,2,0.402029008
38,56,1,3,2,2,0.36878664
38,57,1,3,2,2,0.245581816
38,58,1,3,2,2,0.435929736
38,59,1,3,2,2,0.325609083
38,60,1,3,2,2,0.520293396
38,61,1,3,2,2,0.181598345
38,62,1,3,2,2,0.501010386
38,63,1,3,2,2,0.34848133
38,64,1,3,2,2,0.507811336
38,65,1,3,2,2,-0.023033322
38,66,1,3,2,2,0.042224927
39,40,1,2,2,2,0.138020185
39,41,1,2,2,2,0.179640684
39,42,1,2,2,2,0.294343789
39,43,1,2,2,2,0.489973333
39,44,1,2,2,2,0.162190943
39,45,1,2,2,2,0.461970212
39,46,1,2,2,2,0.322112512
39,47,1,2,2,2,0.405634327
39,48,1,2,2,2,0.525154702
39,49,1,2,2,2,0.397496377
39,50,1,2,2,2,0.244994873
39,51,1,2,2,2,0.270987241
39,52,1,2,2,2,0.409277365
39,53,1,2,2,2,0.165742898
39,54,1,2,2,2,0.39878486
39,55,1,2,2,2,0.476484666
39,56,1,3,2,2,0.373547386
39,57,1,3,2,2,0.277232871
39,58,1,3,2,2,0.373617861
39,59,1,3,2,2,0.185658086
39,60,1,3,2,2,0.479811527
39,61,1,3,2,2,0.205189531
39,62,1,3,2,2,0.564389784
39,63,1,3,2,2,0.294752493
39,64,1,3,2,2,0.50199257
39,65,1,3,2,2,0.149771729
39,66,1,3,2,2,0.186317648
40,41,2,2,2,2,0.3149044
40,42,2,2,2,2,0.246456446
40,43,2,2,2,2,0.180883458
40,44,2,2,2,2,0.183579135
40,45,2,2,2,2,0.157362034
40,46,2,2,2,2,0.477553544
40,47,2,2,2,2,0.076761832
40,48,2,2,2,2,0.177526792
40,49,2,2,2,2,0.137543789
40,50,2,2,2,2,0.245994962
40,51,2,2,2,2,0.106813021
40,52,2,2,2,2,0.423958189
40,53,2,2,2,2,0.132250474
40,54,2,2,2,2,0.191967137
40,55,2,2,2,2,0.228407085
40,56,2,3,2,2,0.235036852
40,57,2,3,2,2,0.141547489
40,58,2,3,2,2,0.077488305
40,59,2,3,2,2,0.07035701
40,60,2,3,2,2,0.212698547
40,61,2,3,2,2,0.33546671
40,62,2,3,2,2,0.20997562
40,63,2,3,2,2,0.105177438
40,64,2,3,2,2,0.140023721
40,65,2,3,2,2,0.084275333
40,66,2,3,2,2,0.228012918
41,42,2,2,2,2,0.704082668
41,43,2,2,2,2,0.61776924
41,44,2,2,2,2,0.253154774
41,45,2,2,2,2,0.631058765
41,46,2,2,2,2,0.648616469
41,47,2,2,2,2,0.25640534
41,48,2,2,2,2,0.503304313
41,49,2,2,2,2,0.734648283
41,50,2,2,2,2,0.471249719
41,51,2,2,2,2,0.089064672
41,52,2,2,2,2,0.63053242
41,53,2,2,2,2,0.258473486
41,54,2,2,2,2,0.522124195
41,55,2,2,2,2,0.576771291
41,56,2,3,2,2,0.418677911
41,57,2,3,2,2,0.118351863
41,58,2,3,2,2,0.418703718
41,59,2,3,2,2,0.191517021
41,60,2,3,2,2,0.442650121
41,61,2,3,2,2,0.39368909
41,62,2,3,2,2,0.442352741
41,63,2,3,2,2,0.198286632
41,64,2,3,2,2,0.244957227
41,65,2,3,2,2,0.314372466
41,66,2,3,2,2,0.154907499
42,43,2,2,2,2,0.663537422
42,44,2,2,2,2,0.351840277
42,45,2,2,2,2,0.767021534
42,46,2,2,2,2,0.718200105
42,47,2,2,2,2,0.276780946
42,48,2,2,2,2,0.7068437
42,49,2,2,2,2,0.810743378
42,50,2,2,2,2,0.708910544
42,51,2,2,2,2,0.445796049
42,52,2,2,2,2,0.835358337
42,53,2,2,2,2,0.451667667
42,54,2,2,2,2,0.572187133
42,55,2,2,2,2,0.784608343
42,56,2,3,2,2,0.534298682
42,57,2,3,2,2,0.117500243
42,58,2,3,2,2,0.506933865
42,59,2,3,2,2,0.364544349
42,60,2,3,2,2,0.591950727
42,61,2,3,2,2,0.457870375
42,62,2,3,2,2,0.587276856
42,63,2,3,2,2,0.268263468
42,64,2,3,2,2,0.363476855
42,65,2,3,2,2,0.513788394
42,66,2,3,2,2,0.343307602
43,44,2,2,2,2,0.477554296
43,45,2,2,2,2,0.930855035
43,46,2,2,2,2,0.746621997
43,47,2,2,2,2,0.734252519
43,48,2,2,2,2,0.938826105
43,49,2,2,2,2,0.698089074
43,50,2,2,2,2,0.529038723
43,51,2,2,2,2,0.145035855
43,52,2,2,2,2,0.594757457
43,53,2,2,2,2,0.358574597
43,54,2,2,2,2,0.785242659
43,55,2,2,2,2,0.618748689
43,56,2,3,2,2,0.48722542
43,57,2,3,2,2,0.495728736
43,58,2,3,2,2,0.423133008
43,59,2,3,2,2,0.131882135
43,60,2,3,2,2,0.488764475
43,61,2,3,2,2,0.265841664
43,62,2,3,2,2,0.635422643
43,63,2,3,2,2,0.429720495
43,64,2,3,2,2,0.616119977
43,65,2,3,2,2,0.240568576
43,66,2,3,2,2,0.269191057
44,45,2,2,2,2,0.428087525
44,46,2,2,2,2,0.395406714
44,47,2,2,2,2,0.180764512
44,48,2,2,2,2,0.570579256
44,49,2,2,2,2,0.262900032
44,50,2,2,2,2,0.283611549
44,51,2,2,2,2,0.110223743
44,52,2,2,2,2,0.172906255
44,53,2,2,2,2,0.188153687
44,54,2,2,2,2,0.206053307
44,55,2,2,2,2,0.282078522
44,56,2,3,2,2,0.246946934
44,57,2,3,2,2,0.123574066
44,58,2,3,2,2,0.263986106
44,59,2,3,2,2,0.193976847
44,60,2,3,2,2,0.073018856
44,61,2,3,2,2,0.18235992
44,62,2,3,2,2,0.121129318
44,63,2,3,2,2,0.140775174
44,64,2,3,2,2,0.260848654
44,65,2,3,2,2,0.200357304
44,66,2,3,2,2,0.212559832
45,46,2,2,2,2,0.754369793
45,47,2,2,2,2,0.590543605
45,48,2,2,2,2,0.911942434
45,49,2,2,2,2,0.759375409
45,50,2,2,2,2,0.505524402
45,51,2,2,2,2,0.212172079
45,52,2,2,2,2,0.634272925
45,53,2,2,2,2,0.366547928
45,54,2,2,2,2,0.703433991
45,55,2,2,2,2,0.655068101
45,56,2,3,2,2,0.510607768
45,57,2,3,2,2,0.347188488
45,58,2,3,2,2,0.534289326
45,59,2,3,2,2,0.247557793
45,60,2,3,2,2,0.635630921
45,61,2,3,2,2,0.30885184
45,62,2,3,2,2,0.656036619
45,63,2,3,2,2,0.429878212
45,64,2,3,2,2,0.5621342
45,65,2,3,2,2,0.200500261
45,66,2,3,2,2,0.219431916
46,47,2,2,2,2,0.579734733
46,48,2,2,2,2,0.717491036
46,49,2,2,2,2,0.682172518
46,50,2,2,2,2,0.746329918
46,51,2,2,2,2,0.335886566
46,52,2,2,2,2,0.75409371
46,53,2,2,2,2,0.687131608
46,54,2,2,2,2,0.69162972
46,55,2,2,2,2,0.726364713
46,56,2,3,2,2,0.468264983
46,57,2,3,2,2,0.244066895
46,58,2,3,2,2,0.398578774
46,59,2,3,2,2,0.228681447
46,60,2,3,2,2,0.4324467
46,61,2,3,2,2,0.43230084
46,62,2,3,2,2,0.475786291
46,63,2,3,2,2,0.433420217
46,64,2,3,2,2,0.451360719
46,65,2,3,2,2,0.256561972
46,66,2,3,2,2,0.359318042
47,48,2,2,2,2,0.663442749
47,49,2,2,2,2,0.367762849
47,50,2,2,2,2,0.560019653
47,51,2,2,2,2,0.224248751
47,52,2,2,2,2,0.417328245
47,53,2,2,2,2,0.532000675
47,54,2,2,2,2,0.849865833
47,55,2,2,2,2,0.488369175
47,56,2,3,2,2,0.232937263
47,57,2,3,2,2,0.670757491
47,58,2,3,2,2,0.200020987
47,59,2,3,2,2,-0.005271188
47,60,2,3,2,2,0.15373663
47,61,2,3,2,2,0.059054262
47,62,2,3,2,2,0.411755441
47,63,2,3,2,2,0.42610839
47,64,2,3,2,2,0.642662241
47,65,2,3,2,2,0.07231709
47,66,2,3,2,2,0.097845497
48,49,2,2,2,2,0.675830764
48,50,2,2,2,2,0.5510492
48,51,2,2,2,2,0.356699212
48,52,2,2,2,2,0.657934324
48,53,2,2,2,2,0.344660566
48,54,2,2,2,2,0.712868381
48,55,2,2,2,2,0.676367834
48,56,2,3,2,2,0.473044613
48,57,2,3,2,2,0.438995166
48,58,2,3,2,2,0.475873906
48,59,2,3,2,2,0.166976769
48,60,2,3,2,2,0.505835623
48,61,2,3,2,2,0.281477069
48,62,2,3,2,2,0.649427667
48,63,2,3,2,2,0.45479703
48,64,2,3,2,2,0.624744092
48,65,2,3,2,2,0.29567014
48,66,2,3,2,2,0.336508468
49,50,2,2,2,2,0.554013206
49,51,2,2,2,2,0.316950994
49,52,2,2,2,2,0.825070988
49,53,2,2,2,2,0.482617382
49,54,2,2,2,2,0.687133675
49,55,2,2,2,2,0.786759048
49,56,2,3,2,2,0.525980722
49,57,2,3,2,2,0.045848719
49,58,2,3,2,2,0.577756492
49,59,2,3,2,2,0.260750794
49,60,2,3,2,2,0.668733281
49,61,2,3,2,2,0.456599842
49,62,2,3,2,2,0.658414579
49,63,2,3,2,2,0.28229275
49,64,2,3,2,2,0.372974712
49,65,2,3,2,2,0.402321552
49,66,2,3,2,2,0.382266693
50,51,2,2,2,2,0.638864613
50,52,2,2,2,2,0.759063275
50,53,2,2,2,2,0.76945828
50,54,2,2,2,2,0.676229753
50,55,2,2,2,2,0.80438941
50,56,2,3,2,2,0.343109507
50,57,2,3,2,2,0.238911112
50,58,2,3,2,2,0.301034286
50,59,2,3,2,2,0.252796814
50,60,2,3,2,2,0.160886627
50,61,2,3,2,2,0.332879009
50,62,2,3,2,2,0.374333454
50,63,2,3,2,2,0.31642534
50,64,2,3,2,2,0.394140283
50,65,2,3,2,2,0.432008104
50,66,2,3,2,2,0.328945673
51,52,2,2,2,2,0.651823575
51,53,2,2,2,2,0.465896164
51,54,2,2,2,2,0.347590741
51,55,2,2,2,2,0.646136839
51,56,2,3,2,2,0.192187276
51,57,2,3,2,2,0.050168904
51,58,2,3,2,2,0.356633041
51,59,2,3,2,2,0.274593455
51,60,2,3,2,2,0.189152096
51,61,2,3,2,2,0.288823286
51,62,2,3,2,2,0.328487548
51,63,2,3,2,2,0.384567596
51,64,2,3,2,2,0.36189919
51,65,2,3,2,2,0.274598166
51,66,2,3,2,2,0.227717634
52,53,2,2,2,2,0.573825861
52,54,2,2,2,2,0.693788333
52,55,2,2,2,2,0.883963479
52,56,2,3,2,2,0.525057931
52,57,2,3,2,2,0.16942478
52,58,2,3,2,2,0.533013508
52,59,2,3,2,2,0.306949726
52,60,2,3,2,2,0.589340184
52,61,2,3,2,2,0.555556448
52,62,2,3,2,2,0.662470862
52,63,2,3,2,2,0.409035447
52,64,2,3,2,2,0.466513369
52,65,2,3,2,2,0.4829423
52,66,2,3,2,2,0.439893962
53,54,2,2,2,2,0.682027163
53,55,2,2,2,2,0.719470348
53,56,2,3,2,2,0.294307969
53,57,2,3,2,2,0.134907685
53,58,2,3,2,2,0.33697821
53,59,2,3,2,2,0.349447649
53,60,2,3,2,2,0.195026046
53,61,2,3,2,2,0.298563973
53,62,2,3,2,2,0.263574265
53,63,2,3,2,2,0.372284852
53,64,2,3,2,2,0.325574577
53,65,2,3,2,2,0.156581758
53,66,2,3,2,2,0.172900291
54,55,2,2,2,2,0.73104613
54,56,2,3,2,2,0.384728374
54,57,2,3,2,2,0.536435437
54,58,2,3,2,2,0.384760154
54,59,2,3,2,2,0.167345105
54,60,2,3,2,2,0.397892275
54,61,2,3,2,2,0.240264206
54,62,2,3,2,2,0.597509672
54,63,2,3,2,2,0.445584235
54,64,2,3,2,2,0.617052279
54,65,2,3,2,2,0.203093932
54,66,2,3,2,2,0.154601281
55,56,2,3,2,2,0.532391774
55,57,2,3,2,2,0.173648097
55,58,2,3,2,2,0.612998552
55,59,2,3,2,2,0.368823308
55,60,2,3,2,2,0.515320184
55,61,2,3,2,2,0.474171129
55,62,2,3,2,2,0.639494117
55,63,2,3,2,2,0.37389386
55,64,2,3,2,2,0.476272538
55,65,2,3,2,2,0.472796729
55,66,2,3,2,2,0.37954836
56,57,3,3,2,2,0.540928042
56,58,3,3,2,2,0.861193852
56,59,3,3,2,2,0.677395442
56,60,3,3,2,2,0.795704929
56,61,3,3,2,2,0.90920678
56,62,3,3,2,2,0.855362841
56,63,3,3,2,2,0.718851193
56,64,3,3,2,2,0.75205452
56,65,3,3,2,2,0.592163295
56,66,3,3,2,2,0.630533506
57,58,3,3,2,2,0.349583376
57,59,3,3,2,2,0.207784455
57,60,3,3,2,2,0.280517716
57,61,3,3,2,2,0.360836811
57,62,3,3,2,2,0.57638499
57,63,3,3,2,2,0.634878032
57,64,3,3,2,2,0.797700195
57,65,3,3,2,2,0.304281383
57,66,3,3,2,2,0.278853001
58,59,3,3,2,2,0.784723858
58,60,3,3,2,2,0.825122437
58,61,3,3,2,2,0.821730693
58,62,3,3,2,2,0.812802414
58,63,3,3,2,2,0.715080715
58,64,3,3,2,2,0.735183286
58,65,3,3,2,2,0.363163059
58,66,3,3,2,2,0.379362313
59,60,3,3,2,2,0.588681305
59,61,3,3,2,2,0.682773181
59,62,3,3,2,2,0.487817104
59,63,3,3,2,2,0.641750783
59,64,3,3,2,2,0.580306825
59,65,3,3,2,2,0.064760982
59,66,3,3,2,2,0.020553173
60,61,3,3,2,2,0.721855415
60,62,3,3,2,2,0.836512976
60,63,3,3,2,2,0.594235129
60,64,3,3,2,2,0.612605143
60,65,3,3,2,2,0.309145934
60,66,3,3,2,2,0.381103208
61,62,3,3,2,2,0.718374739
61,63,3,3,2,2,0.700196294
61,64,3,3,2,2,0.637415574
61,65,3,3,2,2,0.577875286
61,66,3,3,2,2,0.635329409
62,63,3,3,2,2,0.666179014
62,64,3,3,2,2,0.798552158
62,65,3,3,2,2,0.505074812
62,66,3,3,2,2,0.541972418
63,64,3,3,2,2,0.851123447
63,65,3,3,2,2,0.152104654
63,66,3,3,2,2,0.324177459
64,65,3,3,2,2,0.269271216
64,66,3,3,2,2,0.312344894
65,66,3,3,2,2,0.818468897