,M-File,F-File,M-Part,F-Part,Cosine
1,M01_P2.rtf,F01_P1.rtf,2,1,-0.010249519
2,M02_P7.rtf,F01_P1.rtf,7,1,0.050814993
3,M03_P12.rtf,F01_P1.rtf,12,1,0.605681644
4,M04_P15.rtf,F01_P1.rtf,15,1,0.166465651
5,M05_P21.rtf,F01_P1.rtf,21,1,0.096039262
6,M06_P24.rtf,F01_P1.rtf,24,1,0.248986735
7,M07_P25.rtf,F01_P1.rtf,25,1,0.203423802
8,M08_P30.rtf,F01_P1.rtf,30,1,0.054048743
9,M09_P33.rtf,F01_P1.rtf,33,1,0.126316382
10,M10_P34.rtf,F01_P1.rtf,34,1,0.212332112
11,M11_P35.rtf,F01_P1.rtf,35,1,0.074917493
12,M12_P37.rtf,F01_P1.rtf,37,1,0.457634045
13,M13_P38.rtf,F01_P1.rtf,38,1,-0.011577568
14,M14_P50.rtf,F01_P1.rtf,50,1,0.093816467
15,M15_P58.rtf,F01_P1.rtf,58,1,-0.011168915
16,M16_P66.rtf,F01_P1.rtf,66,1,0.616192714
17,M17_P73.rtf,F01_P1.rtf,73,1,0.195863679
18,M18_P74.rtf,F01_P1.rtf,74,1,0.259703978
19,M19_P76.rtf,F01_P1.rtf,76,1,0.051341155
20,M20_P77.rtf,F01_P1.rtf,77,1,0.144826255
21,M21_P78.rtf,F01_P1.rtf,78,1,-0.137941869
22,M22_P79.rtf,F01_P1.rtf,79,1,0.044731276
23,M23_P80.rtf,F01_P1.rtf,80,1,0.294378629
24,M24_P81.rtf,F01_P1.rtf,81,1,0.038080319
25,M25_P82.rtf,F01_P1.rtf,82,1,0.055060091
26,M26_P83.rtf,F01_P1.rtf,83,1,0.227340514
27,M27_P84.rtf,F01_P1.rtf,84,1,0.179117695
28,M28_P86.rtf,F01_P1.rtf,86,1,0.107239878
29,M29_P87.rtf,F01_P1.rtf,87,1,-0.025657226
30,M30_P88.rtf,F01_P1.rtf,88,1,0.014022026
31,M31_P89.rtf,F01_P1.rtf,89,1,0.427535792
32,M32_P90.rtf,F01_P1.rtf,90,1,0.500798645
33,M33_P91.rtf,F01_P1.rtf,91,1,0.340705272
34,M34_P92.rtf,F01_P1.rtf,92,1,0.156072507
35,M35_P93.rtf,F01_P1.rtf,93,1,0.035397684
36,M36_P94.rtf,F01_P1.rtf,94,1,0.040058904
37,M37_P96.rtf,F01_P1.rtf,96,1,0.11481957
38,M38_P97.rtf,F01_P1.rtf,97,1,0.657516482
39,M39_P98.rtf,F01_P1.rtf,98,1,0.072929391
40,M40_P99.rtf,F01_P1.rtf,99,1,-0.007048006
41,M41_P101.rtf,F01_P1.rtf,101,1,0.046606534
42,M42_P103.rtf,F01_P1.rtf,103,1,-0.044781385
43,M43_P104.rtf,F01_P1.rtf,104,1,-0.042003788
44,M44_P105.rtf,F01_P1.rtf,105,1,0.056933106
45,M01_P2.rtf,F02_P3.rtf,2,3,0.039494011
46,M02_P7.rtf,F02_P3.rtf,7,3,0.025528314
47,M03_P12.rtf,F02_P3.rtf,12,3,0.083935595
48,M04_P15.rtf,F02_P3.rtf,15,3,-0.01154922
49,M05_P21.rtf,F02_P3.rtf,21,3,0.047855721
50,M06_P24.rtf,F02_P3.rtf,24,3,0.049069289
51,M07_P25.rtf,F02_P3.rtf,25,3,0.178964801
52,M08_P30.rtf,F02_P3.rtf,30,3,0.107988477
53,M09_P33.rtf,F02_P3.rtf,33,3,-0.067823091
54,M10_P34.rtf,F02_P3.rtf,34,3,0.051110003
55,M11_P35.rtf,F02_P3.rtf,35,3,0.302893232
56,M12_P37.rtf,F02_P3.rtf,37,3,0.080619613
57,M13_P38.rtf,F02_P3.rtf,38,3,0.039145825
58,M14_P50.rtf,F02_P3.rtf,50,3,0.191183866
59,M15_P58.rtf,F02_P3.rtf,58,3,0.067951975
60,M16_P66.rtf,F02_P3.rtf,66,3,0.17050897
61,M17_P73.rtf,F02_P3.rtf,73,3,0.158223451
62,M18_P74.rtf,F02_P3.rtf,74,3,0.018042048
63,M19_P76.rtf,F02_P3.rtf,76,3,0.058837351
64,M20_P77.rtf,F02_P3.rtf,77,3,0.023988
65,M21_P78.rtf,F02_P3.rtf,78,3,0.124098763
66,M22_P79.rtf,F02_P3.rtf,79,3,0.096734048
67,M23_P80.rtf,F02_P3.rtf,80,3,0.249940899
68,M24_P81.rtf,F02_P3.rtf,81,3,0.04703977
69,M25_P82.rtf,F02_P3.rtf,82,3,0.00542114
70,M26_P83.rtf,F02_P3.rtf,83,3,0.189374152
71,M27_P84.rtf,F02_P3.rtf,84,3,0.172029363
72,M28_P86.rtf,F02_P3.rtf,86,3,0.022424079
73,M29_P87.rtf,F02_P3.rtf,87,3,0.045377009
74,M30_P88.rtf,F02_P3.rtf,88,3,0.335907328
75,M31_P89.rtf,F02_P3.rtf,89,3,0.236402551
76,M32_P90.rtf,F02_P3.rtf,90,3,0.000517543
77,M33_P91.rtf,F02_P3.rtf,91,3,-0.072133049
78,M34_P92.rtf,F02_P3.rtf,92,3,-0.027006742
79,M35_P93.rtf,F02_P3.rtf,93,3,0.017150837
80,M36_P94.rtf,F02_P3.rtf,94,3,0.011008269
81,M37_P96.rtf,F02_P3.rtf,96,3,0.079170616
82,M38_P97.rtf,F02_P3.rtf,97,3,0.147519393
83,M39_P98.rtf,F02_P3.rtf,98,3,-0.026654075
84,M40_P99.rtf,F02_P3.rtf,99,3,-0.021640464
85,M41_P101.rtf,F02_P3.rtf,101,3,0.18235345
86,M42_P103.rtf,F02_P3.rtf,103,3,0.032873989
87,M43_P104.rtf,F02_P3.rtf,104,3,0.029973986
88,M44_P105.rtf,F02_P3.rtf,105,3,0.069091483
89,M01_P2.rtf,F03_P4.rtf,2,4,-0.043019706
90,M02_P7.rtf,F03_P4.rtf,7,4,0.110479829
91,M03_P12.rtf,F03_P4.rtf,12,4,0.384360995
92,M04_P15.rtf,F03_P4.rtf,15,4,0.25378877
93,M05_P21.rtf,F03_P4.rtf,21,4,0.030430733
94,M06_P24.rtf,F03_P4.rtf,24,4,0.00411818
95,M07_P25.rtf,F03_P4.rtf,25,4,0.38135926
96,M08_P30.rtf,F03_P4.rtf,30,4,-0.061616486
97,M09_P33.rtf,F03_P4.rtf,33,4,0.260937796
98,M10_P34.rtf,F03_P4.rtf,34,4,0.035013161
99,M11_P35.rtf,F03_P4.rtf,35,4,0.311403438
100,M12_P37.rtf,F03_P4.rtf,37,4,0.425157722
101,M13_P38.rtf,F03_P4.rtf,38,4,0.123742796
102,M14_P50.rtf,F03_P4.rtf,50,4,0.21596484
103,M15_P58.rtf,F03_P4.rtf,58,4,0.042607778
104,M16_P66.rtf,F03_P4.rtf,66,4,0.36214039
105,M17_P73.rtf,F03_P4.rtf,73,4,0.091310384
106,M18_P74.rtf,F03_P4.rtf,74,4,0.193167629
107,M19_P76.rtf,F03_P4.rtf,76,4,0.092503727
108,M20_P77.rtf,F03_P4.rtf,77,4,0.080784768
109,M21_P78.rtf,F03_P4.rtf,78,4,0.114912799
110,M22_P79.rtf,F03_P4.rtf,79,4,0.002876074
111,M23_P80.rtf,F03_P4.rtf,80,4,0.101896041
112,M24_P81.rtf,F03_P4.rtf,81,4,-0.015768786
113,M25_P82.rtf,F03_P4.rtf,82,4,0.41486787
114,M26_P83.rtf,F03_P4.rtf,83,4,0.31366614
115,M27_P84.rtf,F03_P4.rtf,84,4,0.36045468
116,M28_P86.rtf,F03_P4.rtf,86,4,0.074477701
117,M29_P87.rtf,F03_P4.rtf,87,4,0.154128055
118,M30_P88.rtf,F03_P4.rtf,88,4,0.00560996
119,M31_P89.rtf,F03_P4.rtf,89,4,0.424364007
120,M32_P90.rtf,F03_P4.rtf,90,4,-0.030897124
121,M33_P91.rtf,F03_P4.rtf,91,4,0.1235073
122,M34_P92.rtf,F03_P4.rtf,92,4,0.313535436
123,M35_P93.rtf,F03_P4.rtf,93,4,0.107687553
124,M36_P94.rtf,F03_P4.rtf,94,4,0.205241845
125,M37_P96.rtf,F03_P4.rtf,96,4,-0.035774598
126,M38_P97.rtf,F03_P4.rtf,97,4,0.379817944
127,M39_P98.rtf,F03_P4.rtf,98,4,0.098680742
128,M40_P99.rtf,F03_P4.rtf,99,4,0.097499484
129,M41_P101.rtf,F03_P4.rtf,101,4,0.337964906
130,M42_P103.rtf,F03_P4.rtf,103,4,-0.007632783
131,M43_P104.rtf,F03_P4.rtf,104,4,0.167827712
132,M44_P105.rtf,F03_P4.rtf,105,4,0.126998065
133,M01_P2.rtf,F04_P5.rtf,2,5,0.236013575
134,M02_P7.rtf,F04_P5.rtf,7,5,0.068748073
135,M03_P12.rtf,F04_P5.rtf,12,5,0.383336369
136,M04_P15.rtf,F04_P5.rtf,15,5,0.020241466
137,M05_P21.rtf,F04_P5.rtf,21,5,0.072650157
138,M06_P24.rtf,F04_P5.rtf,24,5,0.105794051
139,M07_P25.rtf,F04_P5.rtf,25,5,0.337171136
140,M08_P30.rtf,F04_P5.rtf,30,5,0.131815171
141,M09_P33.rtf,F04_P5.rtf,33,5,0.208842293
142,M10_P34.rtf,F04_P5.rtf,34,5,0.266721597
143,M11_P35.rtf,F04_P5.rtf,35,5,0.367998547
144,M12_P37.rtf,F04_P5.rtf,37,5,0.246743955
145,M13_P38.rtf,F04_P5.rtf,38,5,0.071153371
146,M14_P50.rtf,F04_P5.rtf,50,5,0.457458149
147,M15_P58.rtf,F04_P5.rtf,58,5,0.196398783
148,M16_P66.rtf,F04_P5.rtf,66,5,0.432918997
149,M17_P73.rtf,F04_P5.rtf,73,5,0.240292031
150,M18_P74.rtf,F04_P5.rtf,74,5,0.265367314
151,M19_P76.rtf,F04_P5.rtf,76,5,0.057065027
152,M20_P77.rtf,F04_P5.rtf,77,5,0.041079969
153,M21_P78.rtf,F04_P5.rtf,78,5,0.218627653
154,M22_P79.rtf,F04_P5.rtf,79,5,0.182045384
155,M23_P80.rtf,F04_P5.rtf,80,5,0.277261311
156,M24_P81.rtf,F04_P5.rtf,81,5,0.182643588
157,M25_P82.rtf,F04_P5.rtf,82,5,0.16703678
158,M26_P83.rtf,F04_P5.rtf,83,5,0.340729258
159,M27_P84.rtf,F04_P5.rtf,84,5,0.393878258
160,M28_P86.rtf,F04_P5.rtf,86,5,0.153015828
161,M29_P87.rtf,F04_P5.rtf,87,5,-0.005348972
162,M30_P88.rtf,F04_P5.rtf,88,5,0.040006926
163,M31_P89.rtf,F04_P5.rtf,89,5,0.339832588
164,M32_P90.rtf,F04_P5.rtf,90,5,0.18539314
165,M33_P91.rtf,F04_P5.rtf,91,5,0.569484605
166,M34_P92.rtf,F04_P5.rtf,92,5,0.300826668
167,M35_P93.rtf,F04_P5.rtf,93,5,0.044790056
168,M36_P94.rtf,F04_P5.rtf,94,5,0.28623792
169,M37_P96.rtf,F04_P5.rtf,96,5,0.045037654
170,M38_P97.rtf,F04_P5.rtf,97,5,0.63502367
171,M39_P98.rtf,F04_P5.rtf,98,5,0.116997772
172,M40_P99.rtf,F04_P5.rtf,99,5,0.229496349
173,M41_P101.rtf,F04_P5.rtf,101,5,0.492212618
174,M42_P103.rtf,F04_P5.rtf,103,5,0.121756987
175,M43_P104.rtf,F04_P5.rtf,104,5,0.273091911
176,M44_P105.rtf,F04_P5.rtf,105,5,0.176218151
177,M01_P2.rtf,F05_P6.rtf,2,6,-0.010594486
178,M02_P7.rtf,F05_P6.rtf,7,6,0.124260212
179,M03_P12.rtf,F05_P6.rtf,12,6,0.145775799
180,M04_P15.rtf,F05_P6.rtf,15,6,0.094770387
181,M05_P21.rtf,F05_P6.rtf,21,6,0.059153578
182,M06_P24.rtf,F05_P6.rtf,24,6,0.103457049
183,M07_P25.rtf,F05_P6.rtf,25,6,0.37648299
184,M08_P30.rtf,F05_P6.rtf,30,6,0.004892549
185,M09_P33.rtf,F05_P6.rtf,33,6,-0.043604745
186,M10_P34.rtf,F05_P6.rtf,34,6,0.305864755
187,M11_P35.rtf,F05_P6.rtf,35,6,0.174929859
188,M12_P37.rtf,F05_P6.rtf,37,6,-0.136924433
189,M13_P38.rtf,F05_P6.rtf,38,6,0.097904887
190,M14_P50.rtf,F05_P6.rtf,50,6,0.224715822
191,M15_P58.rtf,F05_P6.rtf,58,6,0.056368037
192,M16_P66.rtf,F05_P6.rtf,66,6,0.228831362
193,M17_P73.rtf,F05_P6.rtf,73,6,0.217649934
194,M18_P74.rtf,F05_P6.rtf,74,6,-0.040448129
195,M19_P76.rtf,F05_P6.rtf,76,6,0.071781076
196,M20_P77.rtf,F05_P6.rtf,77,6,0.071041446
197,M21_P78.rtf,F05_P6.rtf,78,6,0.008199828
198,M22_P79.rtf,F05_P6.rtf,79,6,0.119579339
199,M23_P80.rtf,F05_P6.rtf,80,6,0.254875685
200,M24_P81.rtf,F05_P6.rtf,81,6,0.100165508
201,M25_P82.rtf,F05_P6.rtf,82,6,0.22590689
202,M26_P83.rtf,F05_P6.rtf,83,6,0.302760813
203,M27_P84.rtf,F05_P6.rtf,84,6,0.162243026
204,M28_P86.rtf,F05_P6.rtf,86,6,0.008270833
205,M29_P87.rtf,F05_P6.rtf,87,6,0.173723296
206,M30_P88.rtf,F05_P6.rtf,88,6,0.253430636
207,M31_P89.rtf,F05_P6.rtf,89,6,0.373790431
208,M32_P90.rtf,F05_P6.rtf,90,6,0.178222607
209,M33_P91.rtf,F05_P6.rtf,91,6,0.233640208
210,M34_P92.rtf,F05_P6.rtf,92,6,-0.057204864
211,M35_P93.rtf,F05_P6.rtf,93,6,0.016816925
212,M36_P94.rtf,F05_P6.rtf,94,6,0.018553393
213,M37_P96.rtf,F05_P6.rtf,96,6,0.103090011
214,M38_P97.rtf,F05_P6.rtf,97,6,0.131329586
215,M39_P98.rtf,F05_P6.rtf,98,6,0.078763799
216,M40_P99.rtf,F05_P6.rtf,99,6,0.303925583
217,M41_P101.rtf,F05_P6.rtf,101,6,0.315257226
218,M42_P103.rtf,F05_P6.rtf,103,6,0.246573657
219,M43_P104.rtf,F05_P6.rtf,104,6,0.133247414
220,M44_P105.rtf,F05_P6.rtf,105,6,-0.092366868
221,M01_P2.rtf,F06_P9.rtf,2,9,0.007585974
222,M02_P7.rtf,F06_P9.rtf,7,9,0.103187034
223,M03_P12.rtf,F06_P9.rtf,12,9,0.07472234
224,M04_P15.rtf,F06_P9.rtf,15,9,0.116809509
225,M05_P21.rtf,F06_P9.rtf,21,9,0.008095565
226,M06_P24.rtf,F06_P9.rtf,24,9,0.04760196
227,M07_P25.rtf,F06_P9.rtf,25,9,0.092886211
228,M08_P30.rtf,F06_P9.rtf,30,9,0.07028417
229,M09_P33.rtf,F06_P9.rtf,33,9,0.088654717
230,M10_P34.rtf,F06_P9.rtf,34,9,-0.009474317
231,M11_P35.rtf,F06_P9.rtf,35,9,-0.04332753
232,M12_P37.rtf,F06_P9.rtf,37,9,-0.004181099
233,M13_P38.rtf,F06_P9.rtf,38,9,0.003755647
234,M14_P50.rtf,F06_P9.rtf,50,9,0.019044854
235,M15_P58.rtf,F06_P9.rtf,58,9,0.073942287
236,M16_P66.rtf,F06_P9.rtf,66,9,0.127614738
237,M17_P73.rtf,F06_P9.rtf,73,9,0.176091982
238,M18_P74.rtf,F06_P9.rtf,74,9,0.090379366
239,M19_P76.rtf,F06_P9.rtf,76,9,0.009609158
240,M20_P77.rtf,F06_P9.rtf,77,9,0.00853709
241,M21_P78.rtf,F06_P9.rtf,78,9,0.078348392
242,M22_P79.rtf,F06_P9.rtf,79,9,0.009879902
243,M23_P80.rtf,F06_P9.rtf,80,9,0.119561533
244,M24_P81.rtf,F06_P9.rtf,81,9,0.893880486
245,M25_P82.rtf,F06_P9.rtf,82,9,0.333117168
246,M26_P83.rtf,F06_P9.rtf,83,9,0.236505505
247,M27_P84.rtf,F06_P9.rtf,84,9,0.131117954
248,M28_P86.rtf,F06_P9.rtf,86,9,0.052148965
249,M29_P87.rtf,F06_P9.rtf,87,9,0.088557852
250,M30_P88.rtf,F06_P9.rtf,88,9,0.091204758
251,M31_P89.rtf,F06_P9.rtf,89,9,0.124825038
252,M32_P90.rtf,F06_P9.rtf,90,9,0.097063783
253,M33_P91.rtf,F06_P9.rtf,91,9,-0.002868617
254,M34_P92.rtf,F06_P9.rtf,92,9,0.049010509
255,M35_P93.rtf,F06_P9.rtf,93,9,0.014189219
256,M36_P94.rtf,F06_P9.rtf,94,9,0.055535243
257,M37_P96.rtf,F06_P9.rtf,96,9,0.101457743
258,M38_P97.rtf,F06_P9.rtf,97,9,0.098087703
259,M39_P98.rtf,F06_P9.rtf,98,9,0.038623464
260,M40_P99.rtf,F06_P9.rtf,99,9,0.182240272
261,M41_P101.rtf,F06_P9.rtf,101,9,-0.064258228
262,M42_P103.rtf,F06_P9.rtf,103,9,-0.058932309
263,M43_P104.rtf,F06_P9.rtf,104,9,0.112177131
264,M44_P105.rtf,F06_P9.rtf,105,9,-0.017286232
265,M01_P2.rtf,F07_P10.rtf,2,,0.063947602
266,M02_P7.rtf,F07_P10.rtf,7,,0.061086396
267,M03_P12.rtf,F07_P10.rtf,12,,0.075689261
268,M04_P15.rtf,F07_P10.rtf,15,,0.10410284
269,M05_P21.rtf,F07_P10.rtf,21,,0.080515552
270,M06_P24.rtf,F07_P10.rtf,24,,0.116830144
271,M07_P25.rtf,F07_P10.rtf,25,,0.25882875
272,M08_P30.rtf,F07_P10.rtf,30,,0.143106143
273,M09_P33.rtf,F07_P10.rtf,33,,0.182898001
274,M10_P34.rtf,F07_P10.rtf,34,,0.114372355
275,M11_P35.rtf,F07_P10.rtf,35,,-0.014415769
276,M12_P37.rtf,F07_P10.rtf,37,,0.025520523
277,M13_P38.rtf,F07_P10.rtf,38,,0.025444601
278,M14_P50.rtf,F07_P10.rtf,50,,-0.134990921
279,M15_P58.rtf,F07_P10.rtf,58,,0.052055525
280,M16_P66.rtf,F07_P10.rtf,66,,0.006367744
281,M17_P73.rtf,F07_P10.rtf,73,,0.012352752
282,M18_P74.rtf,F07_P10.rtf,74,,0.161243889
283,M19_P76.rtf,F07_P10.rtf,76,,0.051782156
284,M20_P77.rtf,F07_P10.rtf,77,,0.055848792
285,M21_P78.rtf,F07_P10.rtf,78,,0.06094122
286,M22_P79.rtf,F07_P10.rtf,79,,0.008009284
287,M23_P80.rtf,F07_P10.rtf,80,,0.103397337
288,M24_P81.rtf,F07_P10.rtf,81,,0.009446667
289,M25_P82.rtf,F07_P10.rtf,82,,0.148333941
290,M26_P83.rtf,F07_P10.rtf,83,,0.162078682
291,M27_P84.rtf,F07_P10.rtf,84,,0.086016138
292,M28_P86.rtf,F07_P10.rtf,86,,0.10252826
293,M29_P87.rtf,F07_P10.rtf,87,,0.09829336
294,M30_P88.rtf,F07_P10.rtf,88,,0.113123587
295,M31_P89.rtf,F07_P10.rtf,89,,0.308657133
296,M32_P90.rtf,F07_P10.rtf,90,,0.009824838
297,M33_P91.rtf,F07_P10.rtf,91,,0.095690863
298,M34_P92.rtf,F07_P10.rtf,92,,0.172803699
299,M35_P93.rtf,F07_P10.rtf,93,,0.043506121
300,M36_P94.rtf,F07_P10.rtf,94,,0.030438837
301,M37_P96.rtf,F07_P10.rtf,96,,0.084312366
302,M38_P97.rtf,F07_P10.rtf,97,,0.123295025
303,M39_P98.rtf,F07_P10.rtf,98,,0.040431745
304,M40_P99.rtf,F07_P10.rtf,99,,0.279797351
305,M41_P101.rtf,F07_P10.rtf,101,,-0.024744828
306,M42_P103.rtf,F07_P10.rtf,103,,-0.000596644
307,M43_P104.rtf,F07_P10.rtf,104,,0.140634012
308,M44_P105.rtf,F07_P10.rtf,105,,0.057740351
309,M01_P2.rtf,F08_P11.rtf,2,,0.26671508
310,M02_P7.rtf,F08_P11.rtf,7,,0.058154218
311,M03_P12.rtf,F08_P11.rtf,12,,0.49576292
312,M04_P15.rtf,F08_P11.rtf,15,,0.142592431
313,M05_P21.rtf,F08_P11.rtf,21,,0.063000044
314,M06_P24.rtf,F08_P11.rtf,24,,0.19920127
315,M07_P25.rtf,F08_P11.rtf,25,,0.453518022
316,M08_P30.rtf,F08_P11.rtf,30,,0.165715434
317,M09_P33.rtf,F08_P11.rtf,33,,0.47627594
318,M10_P34.rtf,F08_P11.rtf,34,,0.359848466
319,M11_P35.rtf,F08_P11.rtf,35,,0.487003205
320,M12_P37.rtf,F08_P11.rtf,37,,0.468169495
321,M13_P38.rtf,F08_P11.rtf,38,,0.081344393
322,M14_P50.rtf,F08_P11.rtf,50,,0.354480044
323,M15_P58.rtf,F08_P11.rtf,58,,0.111887229
324,M16_P66.rtf,F08_P11.rtf,66,,0.450062832
325,M17_P73.rtf,F08_P11.rtf,73,,0.36426681
326,M18_P74.rtf,F08_P11.rtf,74,,0.579557397
327,M19_P76.rtf,F08_P11.rtf,76,,-0.007133416
328,M20_P77.rtf,F08_P11.rtf,77,,0.073813513
329,M21_P78.rtf,F08_P11.rtf,78,,0.378040338
330,M22_P79.rtf,F08_P11.rtf,79,,0.236180213
331,M23_P80.rtf,F08_P11.rtf,80,,0.177606491
332,M24_P81.rtf,F08_P11.rtf,81,,0.260792019
333,M25_P82.rtf,F08_P11.rtf,82,,0.452856429
334,M26_P83.rtf,F08_P11.rtf,83,,0.356133931
335,M27_P84.rtf,F08_P11.rtf,84,,0.5470295
336,M28_P86.rtf,F08_P11.rtf,86,,0.130681471
337,M29_P87.rtf,F08_P11.rtf,87,,0.073278148
338,M30_P88.rtf,F08_P11.rtf,88,,0.527673026
339,M31_P89.rtf,F08_P11.rtf,89,,0.427050929
340,M32_P90.rtf,F08_P11.rtf,90,,0.254555476
341,M33_P91.rtf,F08_P11.rtf,91,,0.133461134
342,M34_P92.rtf,F08_P11.rtf,92,,0.351201551
343,M35_P93.rtf,F08_P11.rtf,93,,0.094789974
344,M36_P94.rtf,F08_P11.rtf,94,,0.108950597
345,M37_P96.rtf,F08_P11.rtf,96,,0.054459697
346,M38_P97.rtf,F08_P11.rtf,97,,0.44195772
347,M39_P98.rtf,F08_P11.rtf,98,,0.148675987
348,M40_P99.rtf,F08_P11.rtf,99,,0.337245592
349,M41_P101.rtf,F08_P11.rtf,101,,0.403482082
350,M42_P103.rtf,F08_P11.rtf,103,,0.291684033
351,M43_P104.rtf,F08_P11.rtf,104,,0.367447484
352,M44_P105.rtf,F08_P11.rtf,105,,-0.120810052
353,M01_P2.rtf,F09_P13.rtf,2,,0.05753343
354,M02_P7.rtf,F09_P13.rtf,7,,0.202341401
355,M03_P12.rtf,F09_P13.rtf,12,,0.671989546
356,M04_P15.rtf,F09_P13.rtf,15,,0.145419711
357,M05_P21.rtf,F09_P13.rtf,21,,0.023353901
358,M06_P24.rtf,F09_P13.rtf,24,,0.083134587
359,M07_P25.rtf,F09_P13.rtf,25,,0.643020442
360,M08_P30.rtf,F09_P13.rtf,30,,0.041939533
361,M09_P33.rtf,F09_P13.rtf,33,,0.294281616
362,M10_P34.rtf,F09_P13.rtf,34,,0.39829132
363,M11_P35.rtf,F09_P13.rtf,35,,0.647284401
364,M12_P37.rtf,F09_P13.rtf,37,,0.564338176
365,M13_P38.rtf,F09_P13.rtf,38,,0.141160976
366,M14_P50.rtf,F09_P13.rtf,50,,0.376500053
367,M15_P58.rtf,F09_P13.rtf,58,,0.131089499
368,M16_P66.rtf,F09_P13.rtf,66,,0.64512879
369,M17_P73.rtf,F09_P13.rtf,73,,0.380299551
370,M18_P74.rtf,F09_P13.rtf,74,,0.351352025
371,M19_P76.rtf,F09_P13.rtf,76,,0.153969572
372,M20_P77.rtf,F09_P13.rtf,77,,0.048967614
373,M21_P78.rtf,F09_P13.rtf,78,,0.112288946
374,M22_P79.rtf,F09_P13.rtf,79,,0.125046469
375,M23_P80.rtf,F09_P13.rtf,80,,0.305857552
376,M24_P81.rtf,F09_P13.rtf,81,,0.166640322
377,M25_P82.rtf,F09_P13.rtf,82,,0.447294625
378,M26_P83.rtf,F09_P13.rtf,83,,0.254708608
379,M27_P84.rtf,F09_P13.rtf,84,,0.499159362
380,M28_P86.rtf,F09_P13.rtf,86,,0.215948181
381,M29_P87.rtf,F09_P13.rtf,87,,-0.036535544
382,M30_P88.rtf,F09_P13.rtf,88,,0.44914949
383,M31_P89.rtf,F09_P13.rtf,89,,0.482287293
384,M32_P90.rtf,F09_P13.rtf,90,,0.414444557
385,M33_P91.rtf,F09_P13.rtf,91,,0.356728537
386,M34_P92.rtf,F09_P13.rtf,92,,0.121289172
387,M35_P93.rtf,F09_P13.rtf,93,,0.093064551
388,M36_P94.rtf,F09_P13.rtf,94,,0.137799049
389,M37_P96.rtf,F09_P13.rtf,96,,0.249638024
390,M38_P97.rtf,F09_P13.rtf,97,,0.641034731
391,M39_P98.rtf,F09_P13.rtf,98,,0.345736825
392,M40_P99.rtf,F09_P13.rtf,99,,0.239604813
393,M41_P101.rtf,F09_P13.rtf,101,,0.427374267
394,M42_P103.rtf,F09_P13.rtf,103,,0.186005281
395,M43_P104.rtf,F09_P13.rtf,104,,0.179907288
396,M44_P105.rtf,F09_P13.rtf,105,,0.094738192
397,M01_P2.rtf,F10_P14.rtf,2,,0.310987073
398,M02_P7.rtf,F10_P14.rtf,7,,0.141516935
399,M03_P12.rtf,F10_P14.rtf,12,,0.437511553
400,M04_P15.rtf,F10_P14.rtf,15,,0.241825697
401,M05_P21.rtf,F10_P14.rtf,21,,0.121402095
402,M06_P24.rtf,F10_P14.rtf,24,,-0.005222995
403,M07_P25.rtf,F10_P14.rtf,25,,0.508105551
404,M08_P30.rtf,F10_P14.rtf,30,,0.266065741
405,M09_P33.rtf,F10_P14.rtf,33,,0.316646134
406,M10_P34.rtf,F10_P14.rtf,34,,0.547260036
407,M11_P35.rtf,F10_P14.rtf,35,,0.462708719
408,M12_P37.rtf,F10_P14.rtf,37,,0.347271529
409,M13_P38.rtf,F10_P14.rtf,38,,0.060001558
410,M14_P50.rtf,F10_P14.rtf,50,,0.295202786
411,M15_P58.rtf,F10_P14.rtf,58,,0.157994627
412,M16_P66.rtf,F10_P14.rtf,66,,0.48357311
413,M17_P73.rtf,F10_P14.rtf,73,,0.53271524
414,M18_P74.rtf,F10_P14.rtf,74,,0.242050223
415,M19_P76.rtf,F10_P14.rtf,76,,-0.010529318
416,M20_P77.rtf,F10_P14.rtf,77,,0.05474937
417,M21_P78.rtf,F10_P14.rtf,78,,0.477383728
418,M22_P79.rtf,F10_P14.rtf,79,,-0.057785617
419,M23_P80.rtf,F10_P14.rtf,80,,0.141678922
420,M24_P81.rtf,F10_P14.rtf,81,,0.252801057
421,M25_P82.rtf,F10_P14.rtf,82,,0.470073232
422,M26_P83.rtf,F10_P14.rtf,83,,0.44538912
423,M27_P84.rtf,F10_P14.rtf,84,,0.463421089
424,M28_P86.rtf,F10_P14.rtf,86,,0.035450227
425,M29_P87.rtf,F10_P14.rtf,87,,0.091055644
426,M30_P88.rtf,F10_P14.rtf,88,,0.388263909
427,M31_P89.rtf,F10_P14.rtf,89,,0.441896164
428,M32_P90.rtf,F10_P14.rtf,90,,0.350021979
429,M33_P91.rtf,F10_P14.rtf,91,,0.11613803
430,M34_P92.rtf,F10_P14.rtf,92,,0.1964513
431,M35_P93.rtf,F10_P14.rtf,93,,0.155876712
432,M36_P94.rtf,F10_P14.rtf,94,,0.376485289
433,M37_P96.rtf,F10_P14.rtf,96,,0.016815614
434,M38_P97.rtf,F10_P14.rtf,97,,0.358875639
435,M39_P98.rtf,F10_P14.rtf,98,,0.126271355
436,M40_P99.rtf,F10_P14.rtf,99,,0.35290202
437,M41_P101.rtf,F10_P14.rtf,101,,0.483115422
438,M42_P103.rtf,F10_P14.rtf,103,,0.181624452
439,M43_P104.rtf,F10_P14.rtf,104,,0.162148453
440,M44_P105.rtf,F10_P14.rtf,105,,-0.106663329
441,M01_P2.rtf,F11_P16.rtf,2,,0.038338158
442,M02_P7.rtf,F11_P16.rtf,7,,0.12513612
443,M03_P12.rtf,F11_P16.rtf,12,,0.083506444
444,M04_P15.rtf,F11_P16.rtf,15,,-0.038839635
445,M05_P21.rtf,F11_P16.rtf,21,,0.115638939
446,M06_P24.rtf,F11_P16.rtf,24,,0.034608672
447,M07_P25.rtf,F11_P16.rtf,25,,0.035509351
448,M08_P30.rtf,F11_P16.rtf,30,,-0.030192115
449,M09_P33.rtf,F11_P16.rtf,33,,0.015265579
450,M10_P34.rtf,F11_P16.rtf,34,,0.288809287
451,M11_P35.rtf,F11_P16.rtf,35,,0.196906505
452,M12_P37.rtf,F11_P16.rtf,37,,0.116500387
453,M13_P38.rtf,F11_P16.rtf,38,,0.020134466
454,M14_P50.rtf,F11_P16.rtf,50,,0.016803107
455,M15_P58.rtf,F11_P16.rtf,58,,0.001235744
456,M16_P66.rtf,F11_P16.rtf,66,,0.056988845
457,M17_P73.rtf,F11_P16.rtf,73,,0.207688534
458,M18_P74.rtf,F11_P16.rtf,74,,0.21064623
459,M19_P76.rtf,F11_P16.rtf,76,,0.052312625
460,M20_P77.rtf,F11_P16.rtf,77,,0.175982148
461,M21_P78.rtf,F11_P16.rtf,78,,0.21500604
462,M22_P79.rtf,F11_P16.rtf,79,,0.157293556
463,M23_P80.rtf,F11_P16.rtf,80,,0.348080658
464,M24_P81.rtf,F11_P16.rtf,81,,0.515655093
465,M25_P82.rtf,F11_P16.rtf,82,,0.26052908
466,M26_P83.rtf,F11_P16.rtf,83,,0.255214237
467,M27_P84.rtf,F11_P16.rtf,84,,0.411862798
468,M28_P86.rtf,F11_P16.rtf,86,,0.482411587
469,M29_P87.rtf,F11_P16.rtf,87,,0.185744806
470,M30_P88.rtf,F11_P16.rtf,88,,0.080615194
471,M31_P89.rtf,F11_P16.rtf,89,,0.172365962
472,M32_P90.rtf,F11_P16.rtf,90,,0.256365113
473,M33_P91.rtf,F11_P16.rtf,91,,0.230024807
474,M34_P92.rtf,F11_P16.rtf,92,,0.148400198
475,M35_P93.rtf,F11_P16.rtf,93,,0.113032416
476,M36_P94.rtf,F11_P16.rtf,94,,-0.021935831
477,M37_P96.rtf,F11_P16.rtf,96,,-0.094202956
478,M38_P97.rtf,F11_P16.rtf,97,,0.070385831
479,M39_P98.rtf,F11_P16.rtf,98,,0.007858083
480,M40_P99.rtf,F11_P16.rtf,99,,0.213812588
481,M41_P101.rtf,F11_P16.rtf,101,,-0.011213406
482,M42_P103.rtf,F11_P16.rtf,103,,0.133914271
483,M43_P104.rtf,F11_P16.rtf,104,,0.05824057
484,M44_P105.rtf,F11_P16.rtf,105,,0.178141616
485,M01_P2.rtf,F12_P17.rtf,2,,0.18040002
486,M02_P7.rtf,F12_P17.rtf,7,,0.108799786
487,M03_P12.rtf,F12_P17.rtf,12,,0.199059332
488,M04_P15.rtf,F12_P17.rtf,15,,0.049914101
489,M05_P21.rtf,F12_P17.rtf,21,,0.025094598
490,M06_P24.rtf,F12_P17.rtf,24,,0.068400485
491,M07_P25.rtf,F12_P17.rtf,25,,0.007066935
492,M08_P30.rtf,F12_P17.rtf,30,,0.186774874
493,M09_P33.rtf,F12_P17.rtf,33,,0.393354452
494,M10_P34.rtf,F12_P17.rtf,34,,-0.065545521
495,M11_P35.rtf,F12_P17.rtf,35,,-0.011695092
496,M12_P37.rtf,F12_P17.rtf,37,,-0.007832009
497,M13_P38.rtf,F12_P17.rtf,38,,0.139094491
498,M14_P50.rtf,F12_P17.rtf,50,,0.05067926
499,M15_P58.rtf,F12_P17.rtf,58,,0.040573169
500,M16_P66.rtf,F12_P17.rtf,66,,0.078648454
501,M17_P73.rtf,F12_P17.rtf,73,,0.076215137
502,M18_P74.rtf,F12_P17.rtf,74,,0.16434276
503,M19_P76.rtf,F12_P17.rtf,76,,0.052828004
504,M20_P77.rtf,F12_P17.rtf,77,,-0.008573479
505,M21_P78.rtf,F12_P17.rtf,78,,0.111242151
506,M22_P79.rtf,F12_P17.rtf,79,,0.093994137
507,M23_P80.rtf,F12_P17.rtf,80,,0.329694042
508,M24_P81.rtf,F12_P17.rtf,81,,0.067067829
509,M25_P82.rtf,F12_P17.rtf,82,,0.15900539
510,M26_P83.rtf,F12_P17.rtf,83,,0.434281167
511,M27_P84.rtf,F12_P17.rtf,84,,0.024759105
512,M28_P86.rtf,F12_P17.rtf,86,,0.017612419
513,M29_P87.rtf,F12_P17.rtf,87,,0.057232242
514,M30_P88.rtf,F12_P17.rtf,88,,0.160676961
515,M31_P89.rtf,F12_P17.rtf,89,,0.353396379
516,M32_P90.rtf,F12_P17.rtf,90,,0.222849656
517,M33_P91.rtf,F12_P17.rtf,91,,0.058907079
518,M34_P92.rtf,F12_P17.rtf,92,,0.228385182
519,M35_P93.rtf,F12_P17.rtf,93,,0.068585279
520,M36_P94.rtf,F12_P17.rtf,94,,0.062275345
521,M37_P96.rtf,F12_P17.rtf,96,,0.063334559
522,M38_P97.rtf,F12_P17.rtf,97,,0.11373025
523,M39_P98.rtf,F12_P17.rtf,98,,0.04897104
524,M40_P99.rtf,F12_P17.rtf,99,,0.163875755
525,M41_P101.rtf,F12_P17.rtf,101,,-0.228342202
526,M42_P103.rtf,F12_P17.rtf,103,,0.287634464
527,M43_P104.rtf,F12_P17.rtf,104,,0.1474137
528,M44_P105.rtf,F12_P17.rtf,105,,0.080501916
529,M01_P2.rtf,F13_P18.rtf,2,,0.033116949
530,M02_P7.rtf,F13_P18.rtf,7,,0.17472997
531,M03_P12.rtf,F13_P18.rtf,12,,0.736569657
532,M04_P15.rtf,F13_P18.rtf,15,,0.212780417
533,M05_P21.rtf,F13_P18.rtf,21,,0.127523696
534,M06_P24.rtf,F13_P18.rtf,24,,0.245632393
535,M07_P25.rtf,F13_P18.rtf,25,,0.422055563
536,M08_P30.rtf,F13_P18.rtf,30,,0.115226224
537,M09_P33.rtf,F13_P18.rtf,33,,0.119444491
538,M10_P34.rtf,F13_P18.rtf,34,,0.12407196
539,M11_P35.rtf,F13_P18.rtf,35,,0.39664478
540,M12_P37.rtf,F13_P18.rtf,37,,0.441382861
541,M13_P38.rtf,F13_P18.rtf,38,,0.190978146
542,M14_P50.rtf,F13_P18.rtf,50,,0.294813121
543,M15_P58.rtf,F13_P18.rtf,58,,0.06400682
544,M16_P66.rtf,F13_P18.rtf,66,,0.528126292
545,M17_P73.rtf,F13_P18.rtf,73,,0.213656673
546,M18_P74.rtf,F13_P18.rtf,74,,0.079978309
547,M19_P76.rtf,F13_P18.rtf,76,,0.102159595
548,M20_P77.rtf,F13_P18.rtf,77,,0.048079231
549,M21_P78.rtf,F13_P18.rtf,78,,0.074839584
550,M22_P79.rtf,F13_P18.rtf,79,,0.023185157
551,M23_P80.rtf,F13_P18.rtf,80,,0.159411572
552,M24_P81.rtf,F13_P18.rtf,81,,0.04293449
553,M25_P82.rtf,F13_P18.rtf,82,,0.292031667
554,M26_P83.rtf,F13_P18.rtf,83,,0.338049874
555,M27_P84.rtf,F13_P18.rtf,84,,0.50876451
556,M28_P86.rtf,F13_P18.rtf,86,,0.209623941
557,M29_P87.rtf,F13_P18.rtf,87,,0.356009895
558,M30_P88.rtf,F13_P18.rtf,88,,0.224568223
559,M31_P89.rtf,F13_P18.rtf,89,,0.629757878
560,M32_P90.rtf,F13_P18.rtf,90,,0.308298021
561,M33_P91.rtf,F13_P18.rtf,91,,0.178498953
562,M34_P92.rtf,F13_P18.rtf,92,,0.238911805
563,M35_P93.rtf,F13_P18.rtf,93,,0.079645656
564,M36_P94.rtf,F13_P18.rtf,94,,0.15107275
565,M37_P96.rtf,F13_P18.rtf,96,,0.180747931
566,M38_P97.rtf,F13_P18.rtf,97,,0.5378822
567,M39_P98.rtf,F13_P18.rtf,98,,0.131529959
568,M40_P99.rtf,F13_P18.rtf,99,,0.347732909
569,M41_P101.rtf,F13_P18.rtf,101,,0.272786656
570,M42_P103.rtf,F13_P18.rtf,103,,0.018725075
571,M43_P104.rtf,F13_P18.rtf,104,,0.306093365
572,M44_P105.rtf,F13_P18.rtf,105,,0.23357924
573,M01_P2.rtf,F14_P19.rtf,2,,-0.007059227
574,M02_P7.rtf,F14_P19.rtf,7,,0.074903154
575,M03_P12.rtf,F14_P19.rtf,12,,0.300295093
576,M04_P15.rtf,F14_P19.rtf,15,,-0.007435725
577,M05_P21.rtf,F14_P19.rtf,21,,0.233078812
578,M06_P24.rtf,F14_P19.rtf,24,,0.036874881
579,M07_P25.rtf,F14_P19.rtf,25,,0.492822101
580,M08_P30.rtf,F14_P19.rtf,30,,0.041192639
581,M09_P33.rtf,F14_P19.rtf,33,,0.320242739
582,M10_P34.rtf,F14_P19.rtf,34,,0.228563927
583,M11_P35.rtf,F14_P19.rtf,35,,0.377036089
584,M12_P37.rtf,F14_P19.rtf,37,,0.130430231
585,M13_P38.rtf,F14_P19.rtf,38,,-0.009806933
586,M14_P50.rtf,F14_P19.rtf,50,,0.262301111
587,M15_P58.rtf,F14_P19.rtf,58,,-0.00866285
588,M16_P66.rtf,F14_P19.rtf,66,,0.206287604
589,M17_P73.rtf,F14_P19.rtf,73,,0.289467471
590,M18_P74.rtf,F14_P19.rtf,74,,-0.009774239
591,M19_P76.rtf,F14_P19.rtf,76,,0.014296548
592,M20_P77.rtf,F14_P19.rtf,77,,0.183007012
593,M21_P78.rtf,F14_P19.rtf,78,,0.256170654
594,M22_P79.rtf,F14_P19.rtf,79,,-0.01307173
595,M23_P80.rtf,F14_P19.rtf,80,,0.295462587
596,M24_P81.rtf,F14_P19.rtf,81,,0.194527675
597,M25_P82.rtf,F14_P19.rtf,82,,0.484179898
598,M26_P83.rtf,F14_P19.rtf,83,,0.285802511
599,M27_P84.rtf,F14_P19.rtf,84,,0.397631679
600,M28_P86.rtf,F14_P19.rtf,86,,0.390866402
601,M29_P87.rtf,F14_P19.rtf,87,,0.003203807
602,M30_P88.rtf,F14_P19.rtf,88,,0.159006054
603,M31_P89.rtf,F14_P19.rtf,89,,0.293844168
604,M32_P90.rtf,F14_P19.rtf,90,,0.086412887
605,M33_P91.rtf,F14_P19.rtf,91,,0.203295279
606,M34_P92.rtf,F14_P19.rtf,92,,0.078916231
607,M35_P93.rtf,F14_P19.rtf,93,,0.035254765
608,M36_P94.rtf,F14_P19.rtf,94,,0.188493996
609,M37_P96.rtf,F14_P19.rtf,96,,0.006335383
610,M38_P97.rtf,F14_P19.rtf,97,,0.217360357
611,M39_P98.rtf,F14_P19.rtf,98,,0.024727517
612,M40_P99.rtf,F14_P19.rtf,99,,0.431362536
613,M41_P101.rtf,F14_P19.rtf,101,,0.384094034
614,M42_P103.rtf,F14_P19.rtf,103,,0.130919457
615,M43_P104.rtf,F14_P19.rtf,104,,0.277949098
616,M44_P105.rtf,F14_P19.rtf,105,,0.059759223
617,M01_P2.rtf,F15_P20.rtf,2,,0.079966525
618,M02_P7.rtf,F15_P20.rtf,7,,-0.01170451
619,M03_P12.rtf,F15_P20.rtf,12,,0.537182852
620,M04_P15.rtf,F15_P20.rtf,15,,0.128489757
621,M05_P21.rtf,F15_P20.rtf,21,,0.16944046
622,M06_P24.rtf,F15_P20.rtf,24,,0.193327492
623,M07_P25.rtf,F15_P20.rtf,25,,0.419412706
624,M08_P30.rtf,F15_P20.rtf,30,,0.054759342
625,M09_P33.rtf,F15_P20.rtf,33,,0.272185635
626,M10_P34.rtf,F15_P20.rtf,34,,0.173388966
627,M11_P35.rtf,F15_P20.rtf,35,,0.526943739
628,M12_P37.rtf,F15_P20.rtf,37,,0.321041368
629,M13_P38.rtf,F15_P20.rtf,38,,0.096297778
630,M14_P50.rtf,F15_P20.rtf,50,,0.382157642
631,M15_P58.rtf,F15_P20.rtf,58,,-0.006416033
632,M16_P66.rtf,F15_P20.rtf,66,,0.407918344
633,M17_P73.rtf,F15_P20.rtf,73,,0.259103427
634,M18_P74.rtf,F15_P20.rtf,74,,0.116012239
635,M19_P76.rtf,F15_P20.rtf,76,,0.022976043
636,M20_P77.rtf,F15_P20.rtf,77,,0.222261452
637,M21_P78.rtf,F15_P20.rtf,78,,0.278323972
638,M22_P79.rtf,F15_P20.rtf,79,,0.069775104
639,M23_P80.rtf,F15_P20.rtf,80,,0.143344804
640,M24_P81.rtf,F15_P20.rtf,81,,0.045720632
641,M25_P82.rtf,F15_P20.rtf,82,,0.39002437
642,M26_P83.rtf,F15_P20.rtf,83,,0.31825802
643,M27_P84.rtf,F15_P20.rtf,84,,0.594935763
644,M28_P86.rtf,F15_P20.rtf,86,,0.23471313
645,M29_P87.rtf,F15_P20.rtf,87,,0.341759104
646,M30_P88.rtf,F15_P20.rtf,88,,0.190093341
647,M31_P89.rtf,F15_P20.rtf,89,,0.383414022
648,M32_P90.rtf,F15_P20.rtf,90,,0.083398425
649,M33_P91.rtf,F15_P20.rtf,91,,0.076338704
650,M34_P92.rtf,F15_P20.rtf,92,,0.270284607
651,M35_P93.rtf,F15_P20.rtf,93,,0.105936026
652,M36_P94.rtf,F15_P20.rtf,94,,0.157701445
653,M37_P96.rtf,F15_P20.rtf,96,,0.204508869
654,M38_P97.rtf,F15_P20.rtf,97,,0.338766338
655,M39_P98.rtf,F15_P20.rtf,98,,0.216622526
656,M40_P99.rtf,F15_P20.rtf,99,,0.304935563
657,M41_P101.rtf,F15_P20.rtf,101,,0.400391142
658,M42_P103.rtf,F15_P20.rtf,103,,0.13546442
659,M43_P104.rtf,F15_P20.rtf,104,,0.328746302
660,M44_P105.rtf,F15_P20.rtf,105,,0.153866799
661,M01_P2.rtf,F16_P22.rtf,2,,0.041083722
662,M02_P7.rtf,F16_P22.rtf,7,,0.058686785
663,M03_P12.rtf,F16_P22.rtf,12,,0.001219966
664,M04_P15.rtf,F16_P22.rtf,15,,0.031149005
665,M05_P21.rtf,F16_P22.rtf,21,,0.029827785
666,M06_P24.rtf,F16_P22.rtf,24,,0.067830209
667,M07_P25.rtf,F16_P22.rtf,25,,-0.022575721
668,M08_P30.rtf,F16_P22.rtf,30,,0.107723887
669,M09_P33.rtf,F16_P22.rtf,33,,0.051211958
670,M10_P34.rtf,F16_P22.rtf,34,,0.0321084
671,M11_P35.rtf,F16_P22.rtf,35,,0.156844315
672,M12_P37.rtf,F16_P22.rtf,37,,-0.174344004
673,M13_P38.rtf,F16_P22.rtf,38,,0.02703686
674,M14_P50.rtf,F16_P22.rtf,50,,0.346271042
675,M15_P58.rtf,F16_P22.rtf,58,,0.050307593
676,M16_P66.rtf,F16_P22.rtf,66,,0.264463482
677,M17_P73.rtf,F16_P22.rtf,73,,0.05970729
678,M18_P74.rtf,F16_P22.rtf,74,,0.164179737
679,M19_P76.rtf,F16_P22.rtf,76,,0.036226844
680,M20_P77.rtf,F16_P22.rtf,77,,0.053328897
681,M21_P78.rtf,F16_P22.rtf,78,,-0.029266665
682,M22_P79.rtf,F16_P22.rtf,79,,0.05410802
683,M23_P80.rtf,F16_P22.rtf,80,,0.084125301
684,M24_P81.rtf,F16_P22.rtf,81,,0.04855993
685,M25_P82.rtf,F16_P22.rtf,82,,-0.171796906
686,M26_P83.rtf,F16_P22.rtf,83,,0.153796063
687,M27_P84.rtf,F16_P22.rtf,84,,0.076905973
688,M28_P86.rtf,F16_P22.rtf,86,,0.026657442
689,M29_P87.rtf,F16_P22.rtf,87,,0.022481934
690,M30_P88.rtf,F16_P22.rtf,88,,-0.0520851
691,M31_P89.rtf,F16_P22.rtf,89,,0.088255828
692,M32_P90.rtf,F16_P22.rtf,90,,-0.054323235
693,M33_P91.rtf,F16_P22.rtf,91,,0.101065515
694,M34_P92.rtf,F16_P22.rtf,92,,0.412834438
695,M35_P93.rtf,F16_P22.rtf,93,,0.014844662
696,M36_P94.rtf,F16_P22.rtf,94,,0.088306764
697,M37_P96.rtf,F16_P22.rtf,96,,-0.004449718
698,M38_P97.rtf,F16_P22.rtf,97,,0.254612669
699,M39_P98.rtf,F16_P22.rtf,98,,0.207123942
700,M40_P99.rtf,F16_P22.rtf,99,,-0.036925328
701,M41_P101.rtf,F16_P22.rtf,101,,0.209816813
702,M42_P103.rtf,F16_P22.rtf,103,,-0.020797328
703,M43_P104.rtf,F16_P22.rtf,104,,0.135694593
704,M44_P105.rtf,F16_P22.rtf,105,,0.026150725
705,M01_P2.rtf,F17_P23.rtf,2,,0.052709936
706,M02_P7.rtf,F17_P23.rtf,7,,0.015942763
707,M03_P12.rtf,F17_P23.rtf,12,,0.144555618
708,M04_P15.rtf,F17_P23.rtf,15,,-0.013493622
709,M05_P21.rtf,F17_P23.rtf,21,,0.04187971
710,M06_P24.rtf,F17_P23.rtf,24,,0.147391577
711,M07_P25.rtf,F17_P23.rtf,25,,0.100019951
712,M08_P30.rtf,F17_P23.rtf,30,,0.162869306
713,M09_P33.rtf,F17_P23.rtf,33,,-0.031972317
714,M10_P34.rtf,F17_P23.rtf,34,,0.077952488
715,M11_P35.rtf,F17_P23.rtf,35,,0.014629112
716,M12_P37.rtf,F17_P23.rtf,37,,0.049110846
717,M13_P38.rtf,F17_P23.rtf,38,,0.083162934
718,M14_P50.rtf,F17_P23.rtf,50,,0.095476173
719,M15_P58.rtf,F17_P23.rtf,58,,0.055256987
720,M16_P66.rtf,F17_P23.rtf,66,,0.027470802
721,M17_P73.rtf,F17_P23.rtf,73,,0.113198715
722,M18_P74.rtf,F17_P23.rtf,74,,0.055056924
723,M19_P76.rtf,F17_P23.rtf,76,,0.049889582
724,M20_P77.rtf,F17_P23.rtf,77,,0.005565579
725,M21_P78.rtf,F17_P23.rtf,78,,0.115024979
726,M22_P79.rtf,F17_P23.rtf,79,,0.054786534
727,M23_P80.rtf,F17_P23.rtf,80,,0.043569866
728,M24_P81.rtf,F17_P23.rtf,81,,0.047883831
729,M25_P82.rtf,F17_P23.rtf,82,,0.194123818
730,M26_P83.rtf,F17_P23.rtf,83,,0.273099554
731,M27_P84.rtf,F17_P23.rtf,84,,0.437110156
732,M28_P86.rtf,F17_P23.rtf,86,,0.084112349
733,M29_P87.rtf,F17_P23.rtf,87,,0.016624387
734,M30_P88.rtf,F17_P23.rtf,88,,-0.020780484
735,M31_P89.rtf,F17_P23.rtf,89,,0.215571425
736,M32_P90.rtf,F17_P23.rtf,90,,0.07596102
737,M33_P91.rtf,F17_P23.rtf,91,,8.60E-05
738,M34_P92.rtf,F17_P23.rtf,92,,0.079223071
739,M35_P93.rtf,F17_P23.rtf,93,,0.035662195
740,M36_P94.rtf,F17_P23.rtf,94,,0.06415229
741,M37_P96.rtf,F17_P23.rtf,96,,0.037835463
742,M38_P97.rtf,F17_P23.rtf,97,,0.12870032
743,M39_P98.rtf,F17_P23.rtf,98,,0.063967963
744,M40_P99.rtf,F17_P23.rtf,99,,0.100794688
745,M41_P101.rtf,F17_P23.rtf,101,,0.138886682
746,M42_P103.rtf,F17_P23.rtf,103,,0.070691037
747,M43_P104.rtf,F17_P23.rtf,104,,0.205372206
748,M44_P105.rtf,F17_P23.rtf,105,,0.079511078
749,M01_P2.rtf,F18_P27.rtf,2,,0.144453327
750,M02_P7.rtf,F18_P27.rtf,7,,0.062523365
751,M03_P12.rtf,F18_P27.rtf,12,,0.376426963
752,M04_P15.rtf,F18_P27.rtf,15,,0.141419194
753,M05_P21.rtf,F18_P27.rtf,21,,0.137080092
754,M06_P24.rtf,F18_P27.rtf,24,,0.856346851
755,M07_P25.rtf,F18_P27.rtf,25,,0.09992879
756,M08_P30.rtf,F18_P27.rtf,30,,0.11641325
757,M09_P33.rtf,F18_P27.rtf,33,,0.128526092
758,M10_P34.rtf,F18_P27.rtf,34,,0.189301987
759,M11_P35.rtf,F18_P27.rtf,35,,0.119871255
760,M12_P37.rtf,F18_P27.rtf,37,,0.081047578
761,M13_P38.rtf,F18_P27.rtf,38,,0.057650088
762,M14_P50.rtf,F18_P27.rtf,50,,0.194672292
763,M15_P58.rtf,F18_P27.rtf,58,,0.05930926
764,M16_P66.rtf,F18_P27.rtf,66,,0.269741424
765,M17_P73.rtf,F18_P27.rtf,73,,0.223294724
766,M18_P74.rtf,F18_P27.rtf,74,,0.245434892
767,M19_P76.rtf,F18_P27.rtf,76,,0.168011667
768,M20_P77.rtf,F18_P27.rtf,77,,0.150585533
769,M21_P78.rtf,F18_P27.rtf,78,,0.036837929
770,M22_P79.rtf,F18_P27.rtf,79,,0.057254166
771,M23_P80.rtf,F18_P27.rtf,80,,0.359298203
772,M24_P81.rtf,F18_P27.rtf,81,,0.112409768
773,M25_P82.rtf,F18_P27.rtf,82,,0.250098789
774,M26_P83.rtf,F18_P27.rtf,83,,0.459141706
775,M27_P84.rtf,F18_P27.rtf,84,,0.152258531
776,M28_P86.rtf,F18_P27.rtf,86,,0.075937244
777,M29_P87.rtf,F18_P27.rtf,87,,0.003460994
778,M30_P88.rtf,F18_P27.rtf,88,,0.325697513
779,M31_P89.rtf,F18_P27.rtf,89,,0.350194637
780,M32_P90.rtf,F18_P27.rtf,90,,0.310608373
781,M33_P91.rtf,F18_P27.rtf,91,,0.072763314
782,M34_P92.rtf,F18_P27.rtf,92,,0.240099
783,M35_P93.rtf,F18_P27.rtf,93,,0.128919952
784,M36_P94.rtf,F18_P27.rtf,94,,0.077829725
785,M37_P96.rtf,F18_P27.rtf,96,,0.003755094
786,M38_P97.rtf,F18_P27.rtf,97,,0.131019568
787,M39_P98.rtf,F18_P27.rtf,98,,0.029953125
788,M40_P99.rtf,F18_P27.rtf,99,,0.442225098
789,M41_P101.rtf,F18_P27.rtf,101,,0.065151661
790,M42_P103.rtf,F18_P27.rtf,103,,0.133705807
791,M43_P104.rtf,F18_P27.rtf,104,,0.05349323
792,M44_P105.rtf,F18_P27.rtf,105,,0.107041179
793,M01_P2.rtf,F19_P29.rtf,2,,0.069944227
794,M02_P7.rtf,F19_P29.rtf,7,,0.036874847
795,M03_P12.rtf,F19_P29.rtf,12,,0.106535002
796,M04_P15.rtf,F19_P29.rtf,15,,0.02598573
797,M05_P21.rtf,F19_P29.rtf,21,,0.090974897
798,M06_P24.rtf,F19_P29.rtf,24,,0.059912355
799,M07_P25.rtf,F19_P29.rtf,25,,0.03283254
800,M08_P30.rtf,F19_P29.rtf,30,,0.083168225
801,M09_P33.rtf,F19_P29.rtf,33,,0.029637636
802,M10_P34.rtf,F19_P29.rtf,34,,0.141836816
803,M11_P35.rtf,F19_P29.rtf,35,,0.230523926
804,M12_P37.rtf,F19_P29.rtf,37,,0.079611239
805,M13_P38.rtf,F19_P29.rtf,38,,0.062252611
806,M14_P50.rtf,F19_P29.rtf,50,,-0.029958219
807,M15_P58.rtf,F19_P29.rtf,58,,0.109246119
808,M16_P66.rtf,F19_P29.rtf,66,,0.09903727
809,M17_P73.rtf,F19_P29.rtf,73,,0.121064074
810,M18_P74.rtf,F19_P29.rtf,74,,0.026618123
811,M19_P76.rtf,F19_P29.rtf,76,,0.057428072
812,M20_P77.rtf,F19_P29.rtf,77,,0.048625282
813,M21_P78.rtf,F19_P29.rtf,78,,0.121940712
814,M22_P79.rtf,F19_P29.rtf,79,,0.022135286
815,M23_P80.rtf,F19_P29.rtf,80,,0.020053983
816,M24_P81.rtf,F19_P29.rtf,81,,0.05597129
817,M25_P82.rtf,F19_P29.rtf,82,,0.085808022
818,M26_P83.rtf,F19_P29.rtf,83,,0.272789589
819,M27_P84.rtf,F19_P29.rtf,84,,0.300355438
820,M28_P86.rtf,F19_P29.rtf,86,,0.044888778
821,M29_P87.rtf,F19_P29.rtf,87,,0.058152013
822,M30_P88.rtf,F19_P29.rtf,88,,0.063218979
823,M31_P89.rtf,F19_P29.rtf,89,,0.32270372
824,M32_P90.rtf,F19_P29.rtf,90,,0.063469574
825,M33_P91.rtf,F19_P29.rtf,91,,0.129615815
826,M34_P92.rtf,F19_P29.rtf,92,,0.109950877
827,M35_P93.rtf,F19_P29.rtf,93,,0.062633461
828,M36_P94.rtf,F19_P29.rtf,94,,0.024862463
829,M37_P96.rtf,F19_P29.rtf,96,,0.161325097
830,M38_P97.rtf,F19_P29.rtf,97,,0.102266444
831,M39_P98.rtf,F19_P29.rtf,98,,0.072990099
832,M40_P99.rtf,F19_P29.rtf,99,,0.061426613
833,M41_P101.rtf,F19_P29.rtf,101,,0.178855643
834,M42_P103.rtf,F19_P29.rtf,103,,0.077202169
835,M43_P104.rtf,F19_P29.rtf,104,,0.143454182
836,M44_P105.rtf,F19_P29.rtf,105,,0.036066261
837,M01_P2.rtf,F20_P31.rtf,2,,0.034361784
838,M02_P7.rtf,F20_P31.rtf,7,,0.047227809
839,M03_P12.rtf,F20_P31.rtf,12,,0.096342174
840,M04_P15.rtf,F20_P31.rtf,15,,0.03073152
841,M05_P21.rtf,F20_P31.rtf,21,,0.027511628
842,M06_P24.rtf,F20_P31.rtf,24,,0.040949955
843,M07_P25.rtf,F20_P31.rtf,25,,0.129496354
844,M08_P30.rtf,F20_P31.rtf,30,,-0.021201596
845,M09_P33.rtf,F20_P31.rtf,33,,0.225128536
846,M10_P34.rtf,F20_P31.rtf,34,,0.161113692
847,M11_P35.rtf,F20_P31.rtf,35,,0.148625358
848,M12_P37.rtf,F20_P31.rtf,37,,0.087594756
849,M13_P38.rtf,F20_P31.rtf,38,,0.08854106
850,M14_P50.rtf,F20_P31.rtf,50,,0.209135646
851,M15_P58.rtf,F20_P31.rtf,58,,0.024333054
852,M16_P66.rtf,F20_P31.rtf,66,,0.074065855
853,M17_P73.rtf,F20_P31.rtf,73,,0.065854482
854,M18_P74.rtf,F20_P31.rtf,74,,-0.077044988
855,M19_P76.rtf,F20_P31.rtf,76,,0.037746329
856,M20_P77.rtf,F20_P31.rtf,77,,0.038414697
857,M21_P78.rtf,F20_P31.rtf,78,,0.107077461
858,M22_P79.rtf,F20_P31.rtf,79,,0.078023013
859,M23_P80.rtf,F20_P31.rtf,80,,0.025324847
860,M24_P81.rtf,F20_P31.rtf,81,,0.055974132
861,M25_P82.rtf,F20_P31.rtf,82,,0.312352785
862,M26_P83.rtf,F20_P31.rtf,83,,0.338526236
863,M27_P84.rtf,F20_P31.rtf,84,,-0.044808443
864,M28_P86.rtf,F20_P31.rtf,86,,0.047639868
865,M29_P87.rtf,F20_P31.rtf,87,,0.151626064
866,M30_P88.rtf,F20_P31.rtf,88,,-0.016388941
867,M31_P89.rtf,F20_P31.rtf,89,,0.212170327
868,M32_P90.rtf,F20_P31.rtf,90,,0.082405394
869,M33_P91.rtf,F20_P31.rtf,91,,0.010352295
870,M34_P92.rtf,F20_P31.rtf,92,,0.160529212
871,M35_P93.rtf,F20_P31.rtf,93,,0.040077254
872,M36_P94.rtf,F20_P31.rtf,94,,0.011044368
873,M37_P96.rtf,F20_P31.rtf,96,,0.117371904
874,M38_P97.rtf,F20_P31.rtf,97,,0.093701707
875,M39_P98.rtf,F20_P31.rtf,98,,0.016193168
876,M40_P99.rtf,F20_P31.rtf,99,,-0.017169811
877,M41_P101.rtf,F20_P31.rtf,101,,0.098970422
878,M42_P103.rtf,F20_P31.rtf,103,,0.055379845
879,M43_P104.rtf,F20_P31.rtf,104,,0.018623604
880,M44_P105.rtf,F20_P31.rtf,105,,0.116653721
881,M01_P2.rtf,F21_P32.rtf,2,,0.16111965
882,M02_P7.rtf,F21_P32.rtf,7,,0.22241657
883,M03_P12.rtf,F21_P32.rtf,12,,0.524607832
884,M04_P15.rtf,F21_P32.rtf,15,,0.223457656
885,M05_P21.rtf,F21_P32.rtf,21,,0.066046268
886,M06_P24.rtf,F21_P32.rtf,24,,0.212052516
887,M07_P25.rtf,F21_P32.rtf,25,,0.251003897
888,M08_P30.rtf,F21_P32.rtf,30,,0.162998636
889,M09_P33.rtf,F21_P32.rtf,33,,0.144410584
890,M10_P34.rtf,F21_P32.rtf,34,,0.616082837
891,M11_P35.rtf,F21_P32.rtf,35,,0.548666537
892,M12_P37.rtf,F21_P32.rtf,37,,0.412777368
893,M13_P38.rtf,F21_P32.rtf,38,,0.046682767
894,M14_P50.rtf,F21_P32.rtf,50,,0.474232674
895,M15_P58.rtf,F21_P32.rtf,58,,0.194664762
896,M16_P66.rtf,F21_P32.rtf,66,,0.742352982
897,M17_P73.rtf,F21_P32.rtf,73,,0.503789923
898,M18_P74.rtf,F21_P32.rtf,74,,0.455260803
899,M19_P76.rtf,F21_P32.rtf,76,,0.068742745
900,M20_P77.rtf,F21_P32.rtf,77,,0.255056052
901,M21_P78.rtf,F21_P32.rtf,78,,0.3239592
902,M22_P79.rtf,F21_P32.rtf,79,,0.367921394
903,M23_P80.rtf,F21_P32.rtf,80,,0.276281239
904,M24_P81.rtf,F21_P32.rtf,81,,0.183453145
905,M25_P82.rtf,F21_P32.rtf,82,,0.069463291
906,M26_P83.rtf,F21_P32.rtf,83,,0.404789948
907,M27_P84.rtf,F21_P32.rtf,84,,0.504138345
908,M28_P86.rtf,F21_P32.rtf,86,,0.00305885
909,M29_P87.rtf,F21_P32.rtf,87,,0.101194008
910,M30_P88.rtf,F21_P32.rtf,88,,0.343877501
911,M31_P89.rtf,F21_P32.rtf,89,,0.518553359
912,M32_P90.rtf,F21_P32.rtf,90,,0.487055881
913,M33_P91.rtf,F21_P32.rtf,91,,0.310259526
914,M34_P92.rtf,F21_P32.rtf,92,,0.351792439
915,M35_P93.rtf,F21_P32.rtf,93,,0.039806838
916,M36_P94.rtf,F21_P32.rtf,94,,0.108102983
917,M37_P96.rtf,F21_P32.rtf,96,,0.216310082
918,M38_P97.rtf,F21_P32.rtf,97,,0.608207087
919,M39_P98.rtf,F21_P32.rtf,98,,0.322933471
920,M40_P99.rtf,F21_P32.rtf,99,,0.172985464
921,M41_P101.rtf,F21_P32.rtf,101,,0.568722557
922,M42_P103.rtf,F21_P32.rtf,103,,0.077011305
923,M43_P104.rtf,F21_P32.rtf,104,,0.364722394
924,M44_P105.rtf,F21_P32.rtf,105,,0.093408436
925,M01_P2.rtf,F22_P36.rtf,2,,0.011848262
926,M02_P7.rtf,F22_P36.rtf,7,,0.037237624
927,M03_P12.rtf,F22_P36.rtf,12,,0.345438698
928,M04_P15.rtf,F22_P36.rtf,15,,-0.077402951
929,M05_P21.rtf,F22_P36.rtf,21,,0.021186609
930,M06_P24.rtf,F22_P36.rtf,24,,0.156047848
931,M07_P25.rtf,F22_P36.rtf,25,,0.323771575
932,M08_P30.rtf,F22_P36.rtf,30,,0.136143386
933,M09_P33.rtf,F22_P36.rtf,33,,0.238445568
934,M10_P34.rtf,F22_P36.rtf,34,,0.260772815
935,M11_P35.rtf,F22_P36.rtf,35,,0.276653984
936,M12_P37.rtf,F22_P36.rtf,37,,0.159566063
937,M13_P38.rtf,F22_P36.rtf,38,,0.051825969
938,M14_P50.rtf,F22_P36.rtf,50,,0.205174036
939,M15_P58.rtf,F22_P36.rtf,58,,0.117336084
940,M16_P66.rtf,F22_P36.rtf,66,,0.1974095
941,M17_P73.rtf,F22_P36.rtf,73,,0.200047657
942,M18_P74.rtf,F22_P36.rtf,74,,0.196044495
943,M19_P76.rtf,F22_P36.rtf,76,,0.063337471
944,M20_P77.rtf,F22_P36.rtf,77,,0.162955123
945,M21_P78.rtf,F22_P36.rtf,78,,0.162214377
946,M22_P79.rtf,F22_P36.rtf,79,,0.058424203
947,M23_P80.rtf,F22_P36.rtf,80,,0.101705457
948,M24_P81.rtf,F22_P36.rtf,81,,0.035241005
949,M25_P82.rtf,F22_P36.rtf,82,,0.258028285
950,M26_P83.rtf,F22_P36.rtf,83,,0.285788929
951,M27_P84.rtf,F22_P36.rtf,84,,0.222340447
952,M28_P86.rtf,F22_P36.rtf,86,,0.093840054
953,M29_P87.rtf,F22_P36.rtf,87,,0.080105682
954,M30_P88.rtf,F22_P36.rtf,88,,0.273031703
955,M31_P89.rtf,F22_P36.rtf,89,,0.429014669
956,M32_P90.rtf,F22_P36.rtf,90,,0.298979867
957,M33_P91.rtf,F22_P36.rtf,91,,0.104181157
958,M34_P92.rtf,F22_P36.rtf,92,,0.075029245
959,M35_P93.rtf,F22_P36.rtf,93,,0.020899376
960,M36_P94.rtf,F22_P36.rtf,94,,-0.044110729
961,M37_P96.rtf,F22_P36.rtf,96,,0.058423203
962,M38_P97.rtf,F22_P36.rtf,97,,0.390093002
963,M39_P98.rtf,F22_P36.rtf,98,,0.01456298
964,M40_P99.rtf,F22_P36.rtf,99,,0.160128733
965,M41_P101.rtf,F22_P36.rtf,101,,0.159965891
966,M42_P103.rtf,F22_P36.rtf,103,,0.210157196
967,M43_P104.rtf,F22_P36.rtf,104,,0.176450122
968,M44_P105.rtf,F22_P36.rtf,105,,-0.168595455
969,M01_P2.rtf,F23_P39.rtf,2,,0.028650138
970,M02_P7.rtf,F23_P39.rtf,7,,0.160278388
971,M03_P12.rtf,F23_P39.rtf,12,,0.634182206
972,M04_P15.rtf,F23_P39.rtf,15,,0.053802352
973,M05_P21.rtf,F23_P39.rtf,21,,0.21462915
974,M06_P24.rtf,F23_P39.rtf,24,,0.470571284
975,M07_P25.rtf,F23_P39.rtf,25,,0.042142597
976,M08_P30.rtf,F23_P39.rtf,30,,-0.017330087
977,M09_P33.rtf,F23_P39.rtf,33,,0.210983133
978,M10_P34.rtf,F23_P39.rtf,34,,0.209468861
979,M11_P35.rtf,F23_P39.rtf,35,,0.230700734
980,M12_P37.rtf,F23_P39.rtf,37,,0.215385047
981,M13_P38.rtf,F23_P39.rtf,38,,0.021459038
982,M14_P50.rtf,F23_P39.rtf,50,,0.270055407
983,M15_P58.rtf,F23_P39.rtf,58,,0.109587366
984,M16_P66.rtf,F23_P39.rtf,66,,0.472191936
985,M17_P73.rtf,F23_P39.rtf,73,,0.13123851
986,M18_P74.rtf,F23_P39.rtf,74,,0.224338031
987,M19_P76.rtf,F23_P39.rtf,76,,0.050123804
988,M20_P77.rtf,F23_P39.rtf,77,,0.17370606
989,M21_P78.rtf,F23_P39.rtf,78,,-0.029242179
990,M22_P79.rtf,F23_P39.rtf,79,,0.028349717
991,M23_P80.rtf,F23_P39.rtf,80,,0.461181212
992,M24_P81.rtf,F23_P39.rtf,81,,0.130235225
993,M25_P82.rtf,F23_P39.rtf,82,,0.19485245
994,M26_P83.rtf,F23_P39.rtf,83,,0.347643444
995,M27_P84.rtf,F23_P39.rtf,84,,0.358797938
996,M28_P86.rtf,F23_P39.rtf,86,,0.052912365
997,M29_P87.rtf,F23_P39.rtf,87,,0.209462517
998,M30_P88.rtf,F23_P39.rtf,88,,0.214008998
999,M31_P89.rtf,F23_P39.rtf,89,,0.453183992
1000,M32_P90.rtf,F23_P39.rtf,90,,0.596283048
1001,M33_P91.rtf,F23_P39.rtf,91,,0.118188676
1002,M34_P92.rtf,F23_P39.rtf,92,,0.071774228
1003,M35_P93.rtf,F23_P39.rtf,93,,0.108931854
1004,M36_P94.rtf,F23_P39.rtf,94,,0.147983706
1005,M37_P96.rtf,F23_P39.rtf,96,,0.298640551
1006,M38_P97.rtf,F23_P39.rtf,97,,0.350776583
1007,M39_P98.rtf,F23_P39.rtf,98,,0.112553119
1008,M40_P99.rtf,F23_P39.rtf,99,,0.156170295
1009,M41_P101.rtf,F23_P39.rtf,101,,-0.010342061
1010,M42_P103.rtf,F23_P39.rtf,103,,0.09846898
1011,M43_P104.rtf,F23_P39.rtf,104,,0.267405221
1012,M44_P105.rtf,F23_P39.rtf,105,,0.230814326
1013,M01_P2.rtf,F24_P40.rtf,2,,0.070593673
1014,M02_P7.rtf,F24_P40.rtf,7,,0.006235759
1015,M03_P12.rtf,F24_P40.rtf,12,,0.272090571
1016,M04_P15.rtf,F24_P40.rtf,15,,-0.043406458
1017,M05_P21.rtf,F24_P40.rtf,21,,0.062190452
1018,M06_P24.rtf,F24_P40.rtf,24,,0.033060227
1019,M07_P25.rtf,F24_P40.rtf,25,,0.217870327
1020,M08_P30.rtf,F24_P40.rtf,30,,0.079730733
1021,M09_P33.rtf,F24_P40.rtf,33,,0.034498972
1022,M10_P34.rtf,F24_P40.rtf,34,,0.073593799
1023,M11_P35.rtf,F24_P40.rtf,35,,0.014397478
1024,M12_P37.rtf,F24_P40.rtf,37,,0.187141363
1025,M13_P38.rtf,F24_P40.rtf,38,,0.049667246
1026,M14_P50.rtf,F24_P40.rtf,50,,0.174127832
1027,M15_P58.rtf,F24_P40.rtf,58,,0.01932138
1028,M16_P66.rtf,F24_P40.rtf,66,,0.085121255
1029,M17_P73.rtf,F24_P40.rtf,73,,0.324099565
1030,M18_P74.rtf,F24_P40.rtf,74,,0.081477128
1031,M19_P76.rtf,F24_P40.rtf,76,,0.051348146
1032,M20_P77.rtf,F24_P40.rtf,77,,0.082662947
1033,M21_P78.rtf,F24_P40.rtf,78,,0.208223168
1034,M22_P79.rtf,F24_P40.rtf,79,,0.075189766
1035,M23_P80.rtf,F24_P40.rtf,80,,-0.009726742
1036,M24_P81.rtf,F24_P40.rtf,81,,0.066527296
1037,M25_P82.rtf,F24_P40.rtf,82,,0.164358112
1038,M26_P83.rtf,F24_P40.rtf,83,,0.360216732
1039,M27_P84.rtf,F24_P40.rtf,84,,0.223580353
1040,M28_P86.rtf,F24_P40.rtf,86,,0.184555204
1041,M29_P87.rtf,F24_P40.rtf,87,,0.076986046
1042,M30_P88.rtf,F24_P40.rtf,88,,0.251419473
1043,M31_P89.rtf,F24_P40.rtf,89,,0.383352357
1044,M32_P90.rtf,F24_P40.rtf,90,,0.047697615
1045,M33_P91.rtf,F24_P40.rtf,91,,-0.039964351
1046,M34_P92.rtf,F24_P40.rtf,92,,0.338842056
1047,M35_P93.rtf,F24_P40.rtf,93,,0.084008332
1048,M36_P94.rtf,F24_P40.rtf,94,,-0.004100829
1049,M37_P96.rtf,F24_P40.rtf,96,,0.05751314
1050,M38_P97.rtf,F24_P40.rtf,97,,0.129036293
1051,M39_P98.rtf,F24_P40.rtf,98,,0.038017873
1052,M40_P99.rtf,F24_P40.rtf,99,,0.417931362
1053,M41_P101.rtf,F24_P40.rtf,101,,0.18302576
1054,M42_P103.rtf,F24_P40.rtf,103,,0.027341787
1055,M43_P104.rtf,F24_P40.rtf,104,,0.064670293
1056,M44_P105.rtf,F24_P40.rtf,105,,0.079647587
1057,M01_P2.rtf,F25_P41.rtf,2,,0.677898816
1058,M02_P7.rtf,F25_P41.rtf,7,,0.028762214
1059,M03_P12.rtf,F25_P41.rtf,12,,0.253625502
1060,M04_P15.rtf,F25_P41.rtf,15,,0.011289333
1061,M05_P21.rtf,F25_P41.rtf,21,,0.038954966
1062,M06_P24.rtf,F25_P41.rtf,24,,0.090290673
1063,M07_P25.rtf,F25_P41.rtf,25,,0.365692988
1064,M08_P30.rtf,F25_P41.rtf,30,,0.046071948
1065,M09_P33.rtf,F25_P41.rtf,33,,0.173635622
1066,M10_P34.rtf,F25_P41.rtf,34,,0.262526365
1067,M11_P35.rtf,F25_P41.rtf,35,,0.289894264
1068,M12_P37.rtf,F25_P41.rtf,37,,0.218343625
1069,M13_P38.rtf,F25_P41.rtf,38,,0.201402607
1070,M14_P50.rtf,F25_P41.rtf,50,,0.196827587
1071,M15_P58.rtf,F25_P41.rtf,58,,0.021569087
1072,M16_P66.rtf,F25_P41.rtf,66,,0.295139604
1073,M17_P73.rtf,F25_P41.rtf,73,,0.251398226
1074,M18_P74.rtf,F25_P41.rtf,74,,0.177480343
1075,M19_P76.rtf,F25_P41.rtf,76,,0.030827087
1076,M20_P77.rtf,F25_P41.rtf,77,,0.03106483
1077,M21_P78.rtf,F25_P41.rtf,78,,0.195923414
1078,M22_P79.rtf,F25_P41.rtf,79,,-0.022773752
1079,M23_P80.rtf,F25_P41.rtf,80,,0.276808687
1080,M24_P81.rtf,F25_P41.rtf,81,,0.236239835
1081,M25_P82.rtf,F25_P41.rtf,82,,0.427457018
1082,M26_P83.rtf,F25_P41.rtf,83,,0.36297442
1083,M27_P84.rtf,F25_P41.rtf,84,,0.402730854
1084,M28_P86.rtf,F25_P41.rtf,86,,0.08580786
1085,M29_P87.rtf,F25_P41.rtf,87,,0.166079896
1086,M30_P88.rtf,F25_P41.rtf,88,,0.083098795
1087,M31_P89.rtf,F25_P41.rtf,89,,0.311212067
1088,M32_P90.rtf,F25_P41.rtf,90,,0.051712964
1089,M33_P91.rtf,F25_P41.rtf,91,,0.532648662
1090,M34_P92.rtf,F25_P41.rtf,92,,0.260676404
1091,M35_P93.rtf,F25_P41.rtf,93,,0.037008622
1092,M36_P94.rtf,F25_P41.rtf,94,,-0.041480192
1093,M37_P96.rtf,F25_P41.rtf,96,,0.052752444
1094,M38_P97.rtf,F25_P41.rtf,97,,0.16678224
1095,M39_P98.rtf,F25_P41.rtf,98,,0.154590674
1096,M40_P99.rtf,F25_P41.rtf,99,,0.301812841
1097,M41_P101.rtf,F25_P41.rtf,101,,0.37539422
1098,M42_P103.rtf,F25_P41.rtf,103,,0.122466048
1099,M43_P104.rtf,F25_P41.rtf,104,,0.032132367
1100,M44_P105.rtf,F25_P41.rtf,105,,0.158943779
1101,M01_P2.rtf,F26_P42.rtf,2,,0.112304223
1102,M02_P7.rtf,F26_P42.rtf,7,,0.009106246
1103,M03_P12.rtf,F26_P42.rtf,12,,0.422429775
1104,M04_P15.rtf,F26_P42.rtf,15,,0.193587674
1105,M05_P21.rtf,F26_P42.rtf,21,,0.118655422
1106,M06_P24.rtf,F26_P42.rtf,24,,0.434286499
1107,M07_P25.rtf,F26_P42.rtf,25,,0.118159547
1108,M08_P30.rtf,F26_P42.rtf,30,,0.072228428
1109,M09_P33.rtf,F26_P42.rtf,33,,0.137161048
1110,M10_P34.rtf,F26_P42.rtf,34,,0.023873214
1111,M11_P35.rtf,F26_P42.rtf,35,,0.197822659
1112,M12_P37.rtf,F26_P42.rtf,37,,0.213563784
1113,M13_P38.rtf,F26_P42.rtf,38,,0.191958766
1114,M14_P50.rtf,F26_P42.rtf,50,,0.159065261
1115,M15_P58.rtf,F26_P42.rtf,58,,0.025350305
1116,M16_P66.rtf,F26_P42.rtf,66,,0.28207169
1117,M17_P73.rtf,F26_P42.rtf,73,,0.107462443
1118,M18_P74.rtf,F26_P42.rtf,74,,-0.184123844
1119,M19_P76.rtf,F26_P42.rtf,76,,0.008171832
1120,M20_P77.rtf,F26_P42.rtf,77,,0.093898455
1121,M21_P78.rtf,F26_P42.rtf,78,,0.083923127
1122,M22_P79.rtf,F26_P42.rtf,79,,0.096399489
1123,M23_P80.rtf,F26_P42.rtf,80,,0.426776276
1124,M24_P81.rtf,F26_P42.rtf,81,,0.062090279
1125,M25_P82.rtf,F26_P42.rtf,82,,0.148766193
1126,M26_P83.rtf,F26_P42.rtf,83,,0.323754663
1127,M27_P84.rtf,F26_P42.rtf,84,,0.209277771
1128,M28_P86.rtf,F26_P42.rtf,86,,0.018600372
1129,M29_P87.rtf,F26_P42.rtf,87,,0.01144771
1130,M30_P88.rtf,F26_P42.rtf,88,,0.214750659
1131,M31_P89.rtf,F26_P42.rtf,89,,0.378027415
1132,M32_P90.rtf,F26_P42.rtf,90,,0.171431343
1133,M33_P91.rtf,F26_P42.rtf,91,,0.094618104
1134,M34_P92.rtf,F26_P42.rtf,92,,-0.033975431
1135,M35_P93.rtf,F26_P42.rtf,93,,0.070215411
1136,M36_P94.rtf,F26_P42.rtf,94,,0.123076774
1137,M37_P96.rtf,F26_P42.rtf,96,,-0.020785928
1138,M38_P97.rtf,F26_P42.rtf,97,,0.241274124
1139,M39_P98.rtf,F26_P42.rtf,98,,0.099614075
1140,M40_P99.rtf,F26_P42.rtf,99,,0.224592621
1141,M41_P101.rtf,F26_P42.rtf,101,,0.165172864
1142,M42_P103.rtf,F26_P42.rtf,103,,0.093125109
1143,M43_P104.rtf,F26_P42.rtf,104,,0.505552646
1144,M44_P105.rtf,F26_P42.rtf,105,,0.257042469
1145,M01_P2.rtf,F27_P43.rtf,2,,0.020322345
1146,M02_P7.rtf,F27_P43.rtf,7,,0.146460447
1147,M03_P12.rtf,F27_P43.rtf,12,,0.482487608
1148,M04_P15.rtf,F27_P43.rtf,15,,0.329955542
1149,M05_P21.rtf,F27_P43.rtf,21,,0.085373563
1150,M06_P24.rtf,F27_P43.rtf,24,,0.039258213
1151,M07_P25.rtf,F27_P43.rtf,25,,0.321489673
1152,M08_P30.rtf,F27_P43.rtf,30,,0.038702911
1153,M09_P33.rtf,F27_P43.rtf,33,,0.036519121
1154,M10_P34.rtf,F27_P43.rtf,34,,0.206020003
1155,M11_P35.rtf,F27_P43.rtf,35,,0.332131519
1156,M12_P37.rtf,F27_P43.rtf,37,,0.362674398
1157,M13_P38.rtf,F27_P43.rtf,38,,0.101590468
1158,M14_P50.rtf,F27_P43.rtf,50,,0.427619499
1159,M15_P58.rtf,F27_P43.rtf,58,,0.057257815
1160,M16_P66.rtf,F27_P43.rtf,66,,0.622330189
1161,M17_P73.rtf,F27_P43.rtf,73,,0.231853641
1162,M18_P74.rtf,F27_P43.rtf,74,,0.320355201
1163,M19_P76.rtf,F27_P43.rtf,76,,0.090270565
1164,M20_P77.rtf,F27_P43.rtf,77,,0.099907276
1165,M21_P78.rtf,F27_P43.rtf,78,,0.061760022
1166,M22_P79.rtf,F27_P43.rtf,79,,0.483707485
1167,M23_P80.rtf,F27_P43.rtf,80,,0.115981225
1168,M24_P81.rtf,F27_P43.rtf,81,,0.070752961
1169,M25_P82.rtf,F27_P43.rtf,82,,0.003070694
1170,M26_P83.rtf,F27_P43.rtf,83,,0.284682072
1171,M27_P84.rtf,F27_P43.rtf,84,,0.413475217
1172,M28_P86.rtf,F27_P43.rtf,86,,0.178890622
1173,M29_P87.rtf,F27_P43.rtf,87,,0.120968396
1174,M30_P88.rtf,F27_P43.rtf,88,,0.333387257
1175,M31_P89.rtf,F27_P43.rtf,89,,0.420903423
1176,M32_P90.rtf,F27_P43.rtf,90,,0.282150505
1177,M33_P91.rtf,F27_P43.rtf,91,,0.264043289
1178,M34_P92.rtf,F27_P43.rtf,92,,0.382229224
1179,M35_P93.rtf,F27_P43.rtf,93,,0.056535778
1180,M36_P94.rtf,F27_P43.rtf,94,,0.286021999
1181,M37_P96.rtf,F27_P43.rtf,96,,0.258296352
1182,M38_P97.rtf,F27_P43.rtf,97,,0.714226357
1183,M39_P98.rtf,F27_P43.rtf,98,,0.177838062
1184,M40_P99.rtf,F27_P43.rtf,99,,0.120066808
1185,M41_P101.rtf,F27_P43.rtf,101,,0.289450581
1186,M42_P103.rtf,F27_P43.rtf,103,,0.35505067
1187,M43_P104.rtf,F27_P43.rtf,104,,0.241434815
1188,M44_P105.rtf,F27_P43.rtf,105,,0.229479373
1189,M01_P2.rtf,F28_P45.rtf,2,,0.086249346
1190,M02_P7.rtf,F28_P45.rtf,7,,0.230121526
1191,M03_P12.rtf,F28_P45.rtf,12,,0.480176537
1192,M04_P15.rtf,F28_P45.rtf,15,,0.120957242
1193,M05_P21.rtf,F28_P45.rtf,21,,0.087984453
1194,M06_P24.rtf,F28_P45.rtf,24,,0.343088916
1195,M07_P25.rtf,F28_P45.rtf,25,,0.079079085
1196,M08_P30.rtf,F28_P45.rtf,30,,-0.082957017
1197,M09_P33.rtf,F28_P45.rtf,33,,0.185099934
1198,M10_P34.rtf,F28_P45.rtf,34,,0.216288991
1199,M11_P35.rtf,F28_P45.rtf,35,,0.397426916
1200,M12_P37.rtf,F28_P45.rtf,37,,0.154795331
1201,M13_P38.rtf,F28_P45.rtf,38,,0.217172778
1202,M14_P50.rtf,F28_P45.rtf,50,,0.482984716
1203,M15_P58.rtf,F28_P45.rtf,58,,0.058799166
1204,M16_P66.rtf,F28_P45.rtf,66,,0.382529921
1205,M17_P73.rtf,F28_P45.rtf,73,,0.268007323
1206,M18_P74.rtf,F28_P45.rtf,74,,0.248161536
1207,M19_P76.rtf,F28_P45.rtf,76,,0.098750663
1208,M20_P77.rtf,F28_P45.rtf,77,,0.06475973
1209,M21_P78.rtf,F28_P45.rtf,78,,0.094303319
1210,M22_P79.rtf,F28_P45.rtf,79,,0.118772834
1211,M23_P80.rtf,F28_P45.rtf,80,,0.324078387
1212,M24_P81.rtf,F28_P45.rtf,81,,0.248921573
1213,M25_P82.rtf,F28_P45.rtf,82,,0.233795074
1214,M26_P83.rtf,F28_P45.rtf,83,,0.487630897
1215,M27_P84.rtf,F28_P45.rtf,84,,0.386458988
1216,M28_P86.rtf,F28_P45.rtf,86,,0.244413327
1217,M29_P87.rtf,F28_P45.rtf,87,,0.00689328
1218,M30_P88.rtf,F28_P45.rtf,88,,0.40853122
1219,M31_P89.rtf,F28_P45.rtf,89,,0.476874969
1220,M32_P90.rtf,F28_P45.rtf,90,,0.433111973
1221,M33_P91.rtf,F28_P45.rtf,91,,0.014968653
1222,M34_P92.rtf,F28_P45.rtf,92,,0.320998672
1223,M35_P93.rtf,F28_P45.rtf,93,,0.140926092
1224,M36_P94.rtf,F28_P45.rtf,94,,0.087803907
1225,M37_P96.rtf,F28_P45.rtf,96,,0.460775458
1226,M38_P97.rtf,F28_P45.rtf,97,,0.205748919
1227,M39_P98.rtf,F28_P45.rtf,98,,0.090966597
1228,M40_P99.rtf,F28_P45.rtf,99,,0.268615815
1229,M41_P101.rtf,F28_P45.rtf,101,,0.155651249
1230,M42_P103.rtf,F28_P45.rtf,103,,0.141768355
1231,M43_P104.rtf,F28_P45.rtf,104,,0.399546727
1232,M44_P105.rtf,F28_P45.rtf,105,,0.377393481
1233,M01_P2.rtf,F29_P46.rtf,2,,0.024968007
1234,M02_P7.rtf,F29_P46.rtf,7,,0.079792966
1235,M03_P12.rtf,F29_P46.rtf,12,,0.19607857
1236,M04_P15.rtf,F29_P46.rtf,15,,0.021281609
1237,M05_P21.rtf,F29_P46.rtf,21,,0.026394846
1238,M06_P24.rtf,F29_P46.rtf,24,,0.013935495
1239,M07_P25.rtf,F29_P46.rtf,25,,0.184697743
1240,M08_P30.rtf,F29_P46.rtf,30,,0.022519354
1241,M09_P33.rtf,F29_P46.rtf,33,,0.095929683
1242,M10_P34.rtf,F29_P46.rtf,34,,0.115077106
1243,M11_P35.rtf,F29_P46.rtf,35,,0.097966739
1244,M12_P37.rtf,F29_P46.rtf,37,,0.007001731
1245,M13_P38.rtf,F29_P46.rtf,38,,0.039073567
1246,M14_P50.rtf,F29_P46.rtf,50,,0.068076029
1247,M15_P58.rtf,F29_P46.rtf,58,,0.032440808
1248,M16_P66.rtf,F29_P46.rtf,66,,0.220211135
1249,M17_P73.rtf,F29_P46.rtf,73,,0.480934569
1250,M18_P74.rtf,F29_P46.rtf,74,,0.072365205
1251,M19_P76.rtf,F29_P46.rtf,76,,0.040067774
1252,M20_P77.rtf,F29_P46.rtf,77,,0.057760821
1253,M21_P78.rtf,F29_P46.rtf,78,,0.144577642
1254,M22_P79.rtf,F29_P46.rtf,79,,0.069100891
1255,M23_P80.rtf,F29_P46.rtf,80,,0.052121765
1256,M24_P81.rtf,F29_P46.rtf,81,,0.08432156
1257,M25_P82.rtf,F29_P46.rtf,82,,-0.0142193
1258,M26_P83.rtf,F29_P46.rtf,83,,0.324777591
1259,M27_P84.rtf,F29_P46.rtf,84,,0.111757991
1260,M28_P86.rtf,F29_P46.rtf,86,,0.061976198
1261,M29_P87.rtf,F29_P46.rtf,87,,0.096983578
1262,M30_P88.rtf,F29_P46.rtf,88,,-0.016342328
1263,M31_P89.rtf,F29_P46.rtf,89,,0.255546651
1264,M32_P90.rtf,F29_P46.rtf,90,,0.01600033
1265,M33_P91.rtf,F29_P46.rtf,91,,0.049054688
1266,M34_P92.rtf,F29_P46.rtf,92,,-0.003015389
1267,M35_P93.rtf,F29_P46.rtf,93,,0.062613348
1268,M36_P94.rtf,F29_P46.rtf,94,,0.024020993
1269,M37_P96.rtf,F29_P46.rtf,96,,0.025330817
1270,M38_P97.rtf,F29_P46.rtf,97,,0.066350499
1271,M39_P98.rtf,F29_P46.rtf,98,,0.038020585
1272,M40_P99.rtf,F29_P46.rtf,99,,0.335181696
1273,M41_P101.rtf,F29_P46.rtf,101,,0.01175697
1274,M42_P103.rtf,F29_P46.rtf,103,,0.072263081
1275,M43_P104.rtf,F29_P46.rtf,104,,0.052947515
1276,M44_P105.rtf,F29_P46.rtf,105,,0.006803318
1277,M01_P2.rtf,F30_P48.rtf,2,,0.11102029
1278,M02_P7.rtf,F30_P48.rtf,7,,0.376686792
1279,M03_P12.rtf,F30_P48.rtf,12,,0.363160297
1280,M04_P15.rtf,F30_P48.rtf,15,,0.176216851
1281,M05_P21.rtf,F30_P48.rtf,21,,0.146672964
1282,M06_P24.rtf,F30_P48.rtf,24,,0.027849285
1283,M07_P25.rtf,F30_P48.rtf,25,,0.16960378
1284,M08_P30.rtf,F30_P48.rtf,30,,0.181331169
1285,M09_P33.rtf,F30_P48.rtf,33,,-0.001903025
1286,M10_P34.rtf,F30_P48.rtf,34,,0.440633352
1287,M11_P35.rtf,F30_P48.rtf,35,,0.285182605
1288,M12_P37.rtf,F30_P48.rtf,37,,0.189728477
1289,M13_P38.rtf,F30_P48.rtf,38,,0.146531821
1290,M14_P50.rtf,F30_P48.rtf,50,,0.407525779
1291,M15_P58.rtf,F30_P48.rtf,58,,0.030862499
1292,M16_P66.rtf,F30_P48.rtf,66,,0.418719952
1293,M17_P73.rtf,F30_P48.rtf,73,,0.268620679
1294,M18_P74.rtf,F30_P48.rtf,74,,0.34994501
1295,M19_P76.rtf,F30_P48.rtf,76,,0.012563611
1296,M20_P77.rtf,F30_P48.rtf,77,,0.068206764
1297,M21_P78.rtf,F30_P48.rtf,78,,0.265901116
1298,M22_P79.rtf,F30_P48.rtf,79,,0.266026668
1299,M23_P80.rtf,F30_P48.rtf,80,,-0.016364767
1300,M24_P81.rtf,F30_P48.rtf,81,,0.123489825
1301,M25_P82.rtf,F30_P48.rtf,82,,0.014278632
1302,M26_P83.rtf,F30_P48.rtf,83,,0.402726705
1303,M27_P84.rtf,F30_P48.rtf,84,,0.384417088
1304,M28_P86.rtf,F30_P48.rtf,86,,-0.112957779
1305,M29_P87.rtf,F30_P48.rtf,87,,0.211205211
1306,M30_P88.rtf,F30_P48.rtf,88,,0.327159814
1307,M31_P89.rtf,F30_P48.rtf,89,,0.660617053
1308,M32_P90.rtf,F30_P48.rtf,90,,0.453259452
1309,M33_P91.rtf,F30_P48.rtf,91,,0.318893879
1310,M34_P92.rtf,F30_P48.rtf,92,,0.407929617
1311,M35_P93.rtf,F30_P48.rtf,93,,0.051483793
1312,M36_P94.rtf,F30_P48.rtf,94,,-0.066566548
1313,M37_P96.rtf,F30_P48.rtf,96,,0.111786439
1314,M38_P97.rtf,F30_P48.rtf,97,,0.439320216
1315,M39_P98.rtf,F30_P48.rtf,98,,-0.055202137
1316,M40_P99.rtf,F30_P48.rtf,99,,0.233472859
1317,M41_P101.rtf,F30_P48.rtf,101,,0.434839654
1318,M42_P103.rtf,F30_P48.rtf,103,,0.19659939
1319,M43_P104.rtf,F30_P48.rtf,104,,0.366620533
1320,M44_P105.rtf,F30_P48.rtf,105,,0.212907696
1321,M01_P2.rtf,F31_P49.rtf,2,,0.029989899
1322,M02_P7.rtf,F31_P49.rtf,7,,0.019608749
1323,M03_P12.rtf,F31_P49.rtf,12,,0.130069954
1324,M04_P15.rtf,F31_P49.rtf,15,,0.019436468
1325,M05_P21.rtf,F31_P49.rtf,21,,0.04415195
1326,M06_P24.rtf,F31_P49.rtf,24,,0.091035718
1327,M07_P25.rtf,F31_P49.rtf,25,,0.07971647
1328,M08_P30.rtf,F31_P49.rtf,30,,0.022042255
1329,M09_P33.rtf,F31_P49.rtf,33,,0.182174314
1330,M10_P34.rtf,F31_P49.rtf,34,,0.078653219
1331,M11_P35.rtf,F31_P49.rtf,35,,0.204121997
1332,M12_P37.rtf,F31_P49.rtf,37,,0.013477829
1333,M13_P38.rtf,F31_P49.rtf,38,,0.052094082
1334,M14_P50.rtf,F31_P49.rtf,50,,0.063274772
1335,M15_P58.rtf,F31_P49.rtf,58,,0.011370927
1336,M16_P66.rtf,F31_P49.rtf,66,,0.294922971
1337,M17_P73.rtf,F31_P49.rtf,73,,0.149696915
1338,M18_P74.rtf,F31_P49.rtf,74,,0.069368543
1339,M19_P76.rtf,F31_P49.rtf,76,,0.073151412
1340,M20_P77.rtf,F31_P49.rtf,77,,0.011261429
1341,M21_P78.rtf,F31_P49.rtf,78,,0.219543729
1342,M22_P79.rtf,F31_P49.rtf,79,,0.04326911
1343,M23_P80.rtf,F31_P49.rtf,80,,0.077678239
1344,M24_P81.rtf,F31_P49.rtf,81,,0.053824772
1345,M25_P82.rtf,F31_P49.rtf,82,,0.181530863
1346,M26_P83.rtf,F31_P49.rtf,83,,0.322190258
1347,M27_P84.rtf,F31_P49.rtf,84,,0.037834259
1348,M28_P86.rtf,F31_P49.rtf,86,,0.072960169
1349,M29_P87.rtf,F31_P49.rtf,87,,0.092553953
1350,M30_P88.rtf,F31_P49.rtf,88,,0.14080313
1351,M31_P89.rtf,F31_P49.rtf,89,,0.255613106
1352,M32_P90.rtf,F31_P49.rtf,90,,0.056615912
1353,M33_P91.rtf,F31_P49.rtf,91,,0.063039896
1354,M34_P92.rtf,F31_P49.rtf,92,,0.100319464
1355,M35_P93.rtf,F31_P49.rtf,93,,0.057594109
1356,M36_P94.rtf,F31_P49.rtf,94,,0.001820319
1357,M37_P96.rtf,F31_P49.rtf,96,,0.044619247
1358,M38_P97.rtf,F31_P49.rtf,97,,0.179439036
1359,M39_P98.rtf,F31_P49.rtf,98,,0.016258412
1360,M40_P99.rtf,F31_P49.rtf,99,,0.182966445
1361,M41_P101.rtf,F31_P49.rtf,101,,0.04705825
1362,M42_P103.rtf,F31_P49.rtf,103,,0.039661793
1363,M43_P104.rtf,F31_P49.rtf,104,,0.079633162
1364,M44_P105.rtf,F31_P49.rtf,105,,0.031124122
1365,M01_P2.rtf,F32_P51.rtf,2,,0.133782526
1366,M02_P7.rtf,F32_P51.rtf,7,,0.277439932
1367,M03_P12.rtf,F32_P51.rtf,12,,0.40736875
1368,M04_P15.rtf,F32_P51.rtf,15,,0.229934162
1369,M05_P21.rtf,F32_P51.rtf,21,,0.125645455
1370,M06_P24.rtf,F32_P51.rtf,24,,0.139417172
1371,M07_P25.rtf,F32_P51.rtf,25,,0.505894251
1372,M08_P30.rtf,F32_P51.rtf,30,,0.215891094
1373,M09_P33.rtf,F32_P51.rtf,33,,0.341276298
1374,M10_P34.rtf,F32_P51.rtf,34,,0.371989644
1375,M11_P35.rtf,F32_P51.rtf,35,,0.492379015
1376,M12_P37.rtf,F32_P51.rtf,37,,0.251981217
1377,M13_P38.rtf,F32_P51.rtf,38,,0.10585412
1378,M14_P50.rtf,F32_P51.rtf,50,,0.43956302
1379,M15_P58.rtf,F32_P51.rtf,58,,0.220590052
1380,M16_P66.rtf,F32_P51.rtf,66,,0.490877334
1381,M17_P73.rtf,F32_P51.rtf,73,,0.398988262
1382,M18_P74.rtf,F32_P51.rtf,74,,0.346796676
1383,M19_P76.rtf,F32_P51.rtf,76,,0.055179003
1384,M20_P77.rtf,F32_P51.rtf,77,,0.055389223
1385,M21_P78.rtf,F32_P51.rtf,78,,0.259313425
1386,M22_P79.rtf,F32_P51.rtf,79,,0.174222792
1387,M23_P80.rtf,F32_P51.rtf,80,,0.326772264
1388,M24_P81.rtf,F32_P51.rtf,81,,0.177339074
1389,M25_P82.rtf,F32_P51.rtf,82,,0.362845635
1390,M26_P83.rtf,F32_P51.rtf,83,,0.47581858
1391,M27_P84.rtf,F32_P51.rtf,84,,0.460003243
1392,M28_P86.rtf,F32_P51.rtf,86,,0.238561632
1393,M29_P87.rtf,F32_P51.rtf,87,,-0.023761001
1394,M30_P88.rtf,F32_P51.rtf,88,,0.288707987
1395,M31_P89.rtf,F32_P51.rtf,89,,0.494124712
1396,M32_P90.rtf,F32_P51.rtf,90,,0.307963326
1397,M33_P91.rtf,F32_P51.rtf,91,,0.247285371
1398,M34_P92.rtf,F32_P51.rtf,92,,0.235885448
1399,M35_P93.rtf,F32_P51.rtf,93,,0.163098426
1400,M36_P94.rtf,F32_P51.rtf,94,,0.178728297
1401,M37_P96.rtf,F32_P51.rtf,96,,0.054867645
1402,M38_P97.rtf,F32_P51.rtf,97,,0.565335343
1403,M39_P98.rtf,F32_P51.rtf,98,,0.301694477
1404,M40_P99.rtf,F32_P51.rtf,99,,0.267792366
1405,M41_P101.rtf,F32_P51.rtf,101,,0.424746243
1406,M42_P103.rtf,F32_P51.rtf,103,,0.391441111
1407,M43_P104.rtf,F32_P51.rtf,104,,0.210992493
1408,M44_P105.rtf,F32_P51.rtf,105,,-0.062344352
1409,M01_P2.rtf,F33_P52.rtf,2,,0.026372345
1410,M02_P7.rtf,F33_P52.rtf,7,,0.024528165
1411,M03_P12.rtf,F33_P52.rtf,12,,0.358975146
1412,M04_P15.rtf,F33_P52.rtf,15,,-0.025601456
1413,M05_P21.rtf,F33_P52.rtf,21,,0.115946044
1414,M06_P24.rtf,F33_P52.rtf,24,,0.267513164
1415,M07_P25.rtf,F33_P52.rtf,25,,0.057751424
1416,M08_P30.rtf,F33_P52.rtf,30,,-0.062637765
1417,M09_P33.rtf,F33_P52.rtf,33,,0.335351378
1418,M10_P34.rtf,F33_P52.rtf,34,,0.409627879
1419,M11_P35.rtf,F33_P52.rtf,35,,0.175332806
1420,M12_P37.rtf,F33_P52.rtf,37,,0.173122881
1421,M13_P38.rtf,F33_P52.rtf,38,,0.133613662
1422,M14_P50.rtf,F33_P52.rtf,50,,0.288032185
1423,M15_P58.rtf,F33_P52.rtf,58,,0.096622376
1424,M16_P66.rtf,F33_P52.rtf,66,,0.122267659
1425,M17_P73.rtf,F33_P52.rtf,73,,0.234778024
1426,M18_P74.rtf,F33_P52.rtf,74,,0.467076418
1427,M19_P76.rtf,F33_P52.rtf,76,,0.155582061
1428,M20_P77.rtf,F33_P52.rtf,77,,0.000749494
1429,M21_P78.rtf,F33_P52.rtf,78,,0.232105696
1430,M22_P79.rtf,F33_P52.rtf,79,,-0.002042206
1431,M23_P80.rtf,F33_P52.rtf,80,,0.404712269
1432,M24_P81.rtf,F33_P52.rtf,81,,0.045997819
1433,M25_P82.rtf,F33_P52.rtf,82,,0.169254215
1434,M26_P83.rtf,F33_P52.rtf,83,,0.499979101
1435,M27_P84.rtf,F33_P52.rtf,84,,0.287246818
1436,M28_P86.rtf,F33_P52.rtf,86,,0.048629222
1437,M29_P87.rtf,F33_P52.rtf,87,,0.113784353
1438,M30_P88.rtf,F33_P52.rtf,88,,0.336906331
1439,M31_P89.rtf,F33_P52.rtf,89,,0.497025555
1440,M32_P90.rtf,F33_P52.rtf,90,,0.344738905
1441,M33_P91.rtf,F33_P52.rtf,91,,0.043311984
1442,M34_P92.rtf,F33_P52.rtf,92,,0.382405213
1443,M35_P93.rtf,F33_P52.rtf,93,,0.08290123
1444,M36_P94.rtf,F33_P52.rtf,94,,-0.049914181
1445,M37_P96.rtf,F33_P52.rtf,96,,0.211317317
1446,M38_P97.rtf,F33_P52.rtf,97,,0.016721811
1447,M39_P98.rtf,F33_P52.rtf,98,,0.071091066
1448,M40_P99.rtf,F33_P52.rtf,99,,0.339755835
1449,M41_P101.rtf,F33_P52.rtf,101,,0.23128448
1450,M42_P103.rtf,F33_P52.rtf,103,,0.025645907
1451,M43_P104.rtf,F33_P52.rtf,104,,0.407230378
1452,M44_P105.rtf,F33_P52.rtf,105,,0.342515178
1453,M01_P2.rtf,F34_P55.rtf,2,,0.012286653
1454,M02_P7.rtf,F34_P55.rtf,7,,0.055977925
1455,M03_P12.rtf,F34_P55.rtf,12,,0.17134485
1456,M04_P15.rtf,F34_P55.rtf,15,,0.07555962
1457,M05_P21.rtf,F34_P55.rtf,21,,0.077982525
1458,M06_P24.rtf,F34_P55.rtf,24,,0.060996366
1459,M07_P25.rtf,F34_P55.rtf,25,,-0.004244708
1460,M08_P30.rtf,F34_P55.rtf,30,,0.059123386
1461,M09_P33.rtf,F34_P55.rtf,33,,0.128250771
1462,M10_P34.rtf,F34_P55.rtf,34,,0.191686351
1463,M11_P35.rtf,F34_P55.rtf,35,,0.238930146
1464,M12_P37.rtf,F34_P55.rtf,37,,-0.028747524
1465,M13_P38.rtf,F34_P55.rtf,38,,0.050345831
1466,M14_P50.rtf,F34_P55.rtf,50,,0.190826785
1467,M15_P58.rtf,F34_P55.rtf,58,,0.152320329
1468,M16_P66.rtf,F34_P55.rtf,66,,0.114258118
1469,M17_P73.rtf,F34_P55.rtf,73,,0.131093365
1470,M18_P74.rtf,F34_P55.rtf,74,,-0.138765633
1471,M19_P76.rtf,F34_P55.rtf,76,,0.04971684
1472,M20_P77.rtf,F34_P55.rtf,77,,0.054201793
1473,M21_P78.rtf,F34_P55.rtf,78,,0.158149646
1474,M22_P79.rtf,F34_P55.rtf,79,,0.153750392
1475,M23_P80.rtf,F34_P55.rtf,80,,-0.062266084
1476,M24_P81.rtf,F34_P55.rtf,81,,-0.002687527
1477,M25_P82.rtf,F34_P55.rtf,82,,0.322519896
1478,M26_P83.rtf,F34_P55.rtf,83,,0.192502523
1479,M27_P84.rtf,F34_P55.rtf,84,,0.1548301
1480,M28_P86.rtf,F34_P55.rtf,86,,0.029495029
1481,M29_P87.rtf,F34_P55.rtf,87,,0.026866858
1482,M30_P88.rtf,F34_P55.rtf,88,,0.125373402
1483,M31_P89.rtf,F34_P55.rtf,89,,0.055943005
1484,M32_P90.rtf,F34_P55.rtf,90,,0.364174124
1485,M33_P91.rtf,F34_P55.rtf,91,,0.024128986
1486,M34_P92.rtf,F34_P55.rtf,92,,0.014342144
1487,M35_P93.rtf,F34_P55.rtf,93,,0.039087229
1488,M36_P94.rtf,F34_P55.rtf,94,,0.005341272
1489,M37_P96.rtf,F34_P55.rtf,96,,0.107691755
1490,M38_P97.rtf,F34_P55.rtf,97,,-0.139278186
1491,M39_P98.rtf,F34_P55.rtf,98,,0.05209286
1492,M40_P99.rtf,F34_P55.rtf,99,,0.12427172
1493,M41_P101.rtf,F34_P55.rtf,101,,-0.021359606
1494,M42_P103.rtf,F34_P55.rtf,103,,-0.031440999
1495,M43_P104.rtf,F34_P55.rtf,104,,0.069070475
1496,M44_P105.rtf,F34_P55.rtf,105,,0.078242736
1497,M01_P2.rtf,F35_P56.rtf,2,,0.177199478
1498,M02_P7.rtf,F35_P56.rtf,7,,0.479130285
1499,M03_P12.rtf,F35_P56.rtf,12,,0.38972826
1500,M04_P15.rtf,F35_P56.rtf,15,,0.056459268
1501,M05_P21.rtf,F35_P56.rtf,21,,0.123701975
1502,M06_P24.rtf,F35_P56.rtf,24,,0.053249639
1503,M07_P25.rtf,F35_P56.rtf,25,,0.490845667
1504,M08_P30.rtf,F35_P56.rtf,30,,-0.036274359
1505,M09_P33.rtf,F35_P56.rtf,33,,0.163769354
1506,M10_P34.rtf,F35_P56.rtf,34,,0.204740753
1507,M11_P35.rtf,F35_P56.rtf,35,,0.48903055
1508,M12_P37.rtf,F35_P56.rtf,37,,0.425470302
1509,M13_P38.rtf,F35_P56.rtf,38,,0.178931733
1510,M14_P50.rtf,F35_P56.rtf,50,,0.294053405
1511,M15_P58.rtf,F35_P56.rtf,58,,0.056220629
1512,M16_P66.rtf,F35_P56.rtf,66,,0.559513186
1513,M17_P73.rtf,F35_P56.rtf,73,,0.210817905
1514,M18_P74.rtf,F35_P56.rtf,74,,0.369869993
1515,M19_P76.rtf,F35_P56.rtf,76,,0.02832733
1516,M20_P77.rtf,F35_P56.rtf,77,,0.31034753
1517,M21_P78.rtf,F35_P56.rtf,78,,0.044417049
1518,M22_P79.rtf,F35_P56.rtf,79,,0.343165073
1519,M23_P80.rtf,F35_P56.rtf,80,,0.259154913
1520,M24_P81.rtf,F35_P56.rtf,81,,0.143046896
1521,M25_P82.rtf,F35_P56.rtf,82,,0.299360803
1522,M26_P83.rtf,F35_P56.rtf,83,,0.147556426
1523,M27_P84.rtf,F35_P56.rtf,84,,0.415371969
1524,M28_P86.rtf,F35_P56.rtf,86,,0.1380921
1525,M29_P87.rtf,F35_P56.rtf,87,,0.062204841
1526,M30_P88.rtf,F35_P56.rtf,88,,0.123080347
1527,M31_P89.rtf,F35_P56.rtf,89,,0.406305441
1528,M32_P90.rtf,F35_P56.rtf,90,,0.080810066
1529,M33_P91.rtf,F35_P56.rtf,91,,0.383921479
1530,M34_P92.rtf,F35_P56.rtf,92,,0.279885136
1531,M35_P93.rtf,F35_P56.rtf,93,,0.14340215
1532,M36_P94.rtf,F35_P56.rtf,94,,0.218232405
1533,M37_P96.rtf,F35_P56.rtf,96,,0.178991426
1534,M38_P97.rtf,F35_P56.rtf,97,,0.656237744
1535,M39_P98.rtf,F35_P56.rtf,98,,0.356807304
1536,M40_P99.rtf,F35_P56.rtf,99,,0.132329176
1537,M41_P101.rtf,F35_P56.rtf,101,,0.400998462
1538,M42_P103.rtf,F35_P56.rtf,103,,0.186335004
1539,M43_P104.rtf,F35_P56.rtf,104,,0.155449649
1540,M44_P105.rtf,F35_P56.rtf,105,,-0.008541844
1541,M01_P2.rtf,F36_P57.rtf,2,,0.04821818
1542,M02_P7.rtf,F36_P57.rtf,7,,0.015689591
1543,M03_P12.rtf,F36_P57.rtf,12,,0.069589198
1544,M04_P15.rtf,F36_P57.rtf,15,,0.004646702
1545,M05_P21.rtf,F36_P57.rtf,21,,0.020206264
1546,M06_P24.rtf,F36_P57.rtf,24,,0.124395272
1547,M07_P25.rtf,F36_P57.rtf,25,,-0.028812943
1548,M08_P30.rtf,F36_P57.rtf,30,,0.044714048
1549,M09_P33.rtf,F36_P57.rtf,33,,-0.025174558
1550,M10_P34.rtf,F36_P57.rtf,34,,0.017445722
1551,M11_P35.rtf,F36_P57.rtf,35,,0.113475735
1552,M12_P37.rtf,F36_P57.rtf,37,,0.038121105
1553,M13_P38.rtf,F36_P57.rtf,38,,0.030522417
1554,M14_P50.rtf,F36_P57.rtf,50,,0.196570075
1555,M15_P58.rtf,F36_P57.rtf,58,,0.040429613
1556,M16_P66.rtf,F36_P57.rtf,66,,-0.016342808
1557,M17_P73.rtf,F36_P57.rtf,73,,0.113512211
1558,M18_P74.rtf,F36_P57.rtf,74,,0.163663543
1559,M19_P76.rtf,F36_P57.rtf,76,,0.017180393
1560,M20_P77.rtf,F36_P57.rtf,77,,0.001179301
1561,M21_P78.rtf,F36_P57.rtf,78,,0.264081045
1562,M22_P79.rtf,F36_P57.rtf,79,,0.025773501
1563,M23_P80.rtf,F36_P57.rtf,80,,-0.001834743
1564,M24_P81.rtf,F36_P57.rtf,81,,0.112553554
1565,M25_P82.rtf,F36_P57.rtf,82,,-0.009665471
1566,M26_P83.rtf,F36_P57.rtf,83,,0.251532524
1567,M27_P84.rtf,F36_P57.rtf,84,,0.211274129
1568,M28_P86.rtf,F36_P57.rtf,86,,0.050800202
1569,M29_P87.rtf,F36_P57.rtf,87,,0.061450847
1570,M30_P88.rtf,F36_P57.rtf,88,,-0.026881728
1571,M31_P89.rtf,F36_P57.rtf,89,,0.175783164
1572,M32_P90.rtf,F36_P57.rtf,90,,0.03383889
1573,M33_P91.rtf,F36_P57.rtf,91,,0.124676003
1574,M34_P92.rtf,F36_P57.rtf,92,,0.010521996
1575,M35_P93.rtf,F36_P57.rtf,93,,0.054907135
1576,M36_P94.rtf,F36_P57.rtf,94,,0.043880023
1577,M37_P96.rtf,F36_P57.rtf,96,,0.091878801
1578,M38_P97.rtf,F36_P57.rtf,97,,0.232219832
1579,M39_P98.rtf,F36_P57.rtf,98,,0.105449828
1580,M40_P99.rtf,F36_P57.rtf,99,,0.116825624
1581,M41_P101.rtf,F36_P57.rtf,101,,0.194917428
1582,M42_P103.rtf,F36_P57.rtf,103,,0.093556899
1583,M43_P104.rtf,F36_P57.rtf,104,,0.083304596
1584,M44_P105.rtf,F36_P57.rtf,105,,0.066644992
1585,M01_P2.rtf,F37_P60.rtf,2,,0.051997769
1586,M02_P7.rtf,F37_P60.rtf,7,,-0.062622872
1587,M03_P12.rtf,F37_P60.rtf,12,,0.284412186
1588,M04_P15.rtf,F37_P60.rtf,15,,0.115916088
1589,M05_P21.rtf,F37_P60.rtf,21,,0.059219442
1590,M06_P24.rtf,F37_P60.rtf,24,,-0.012595496
1591,M07_P25.rtf,F37_P60.rtf,25,,0.043675169
1592,M08_P30.rtf,F37_P60.rtf,30,,0.059453252
1593,M09_P33.rtf,F37_P60.rtf,33,,-0.069892931
1594,M10_P34.rtf,F37_P60.rtf,34,,0.777030057
1595,M11_P35.rtf,F37_P60.rtf,35,,0.263049988
1596,M12_P37.rtf,F37_P60.rtf,37,,0.200436037
1597,M13_P38.rtf,F37_P60.rtf,38,,0.007553362
1598,M14_P50.rtf,F37_P60.rtf,50,,0.134633093
1599,M15_P58.rtf,F37_P60.rtf,58,,-0.010069433
1600,M16_P66.rtf,F37_P60.rtf,66,,0.304428631
1601,M17_P73.rtf,F37_P60.rtf,73,,0.379028076
1602,M18_P74.rtf,F37_P60.rtf,74,,0.173094629
1603,M19_P76.rtf,F37_P60.rtf,76,,0.040506413
1604,M20_P77.rtf,F37_P60.rtf,77,,0.046419305
1605,M21_P78.rtf,F37_P60.rtf,78,,0.30097858
1606,M22_P79.rtf,F37_P60.rtf,79,,0.079675063
1607,M23_P80.rtf,F37_P60.rtf,80,,0.314639447
1608,M24_P81.rtf,F37_P60.rtf,81,,0.059363995
1609,M25_P82.rtf,F37_P60.rtf,82,,-0.114060936
1610,M26_P83.rtf,F37_P60.rtf,83,,0.20577991
1611,M27_P84.rtf,F37_P60.rtf,84,,0.239911275
1612,M28_P86.rtf,F37_P60.rtf,86,,0.138174878
1613,M29_P87.rtf,F37_P60.rtf,87,,0.064725803
1614,M30_P88.rtf,F37_P60.rtf,88,,0.285193524
1615,M31_P89.rtf,F37_P60.rtf,89,,0.220364541
1616,M32_P90.rtf,F37_P60.rtf,90,,0.60193072
1617,M33_P91.rtf,F37_P60.rtf,91,,0.183421844
1618,M34_P92.rtf,F37_P60.rtf,92,,0.140760142
1619,M35_P93.rtf,F37_P60.rtf,93,,0.148190623
1620,M36_P94.rtf,F37_P60.rtf,94,,0.273902754
1621,M37_P96.rtf,F37_P60.rtf,96,,0.086482265
1622,M38_P97.rtf,F37_P60.rtf,97,,0.207926156
1623,M39_P98.rtf,F37_P60.rtf,98,,0.110597361
1624,M40_P99.rtf,F37_P60.rtf,99,,0.077636756
1625,M41_P101.rtf,F37_P60.rtf,101,,0.256364012
1626,M42_P103.rtf,F37_P60.rtf,103,,-0.003455456
1627,M43_P104.rtf,F37_P60.rtf,104,,0.09262916
1628,M44_P105.rtf,F37_P60.rtf,105,,0.104671646
1629,M01_P2.rtf,F38_P61.rtf,2,,0.099642793
1630,M02_P7.rtf,F38_P61.rtf,7,,0.101900644
1631,M03_P12.rtf,F38_P61.rtf,12,,0.161138866
1632,M04_P15.rtf,F38_P61.rtf,15,,0.072026492
1633,M05_P21.rtf,F38_P61.rtf,21,,0.144671425
1634,M06_P24.rtf,F38_P61.rtf,24,,0.098145913
1635,M07_P25.rtf,F38_P61.rtf,25,,0.18218086
1636,M08_P30.rtf,F38_P61.rtf,30,,0.160487874
1637,M09_P33.rtf,F38_P61.rtf,33,,0.147146087
1638,M10_P34.rtf,F38_P61.rtf,34,,0.281765716
1639,M11_P35.rtf,F38_P61.rtf,35,,0.345163932
1640,M12_P37.rtf,F38_P61.rtf,37,,-0.018447765
1641,M13_P38.rtf,F38_P61.rtf,38,,0.085426234
1642,M14_P50.rtf,F38_P61.rtf,50,,0.173763706
1643,M15_P58.rtf,F38_P61.rtf,58,,-0.048653314
1644,M16_P66.rtf,F38_P61.rtf,66,,0.253906905
1645,M17_P73.rtf,F38_P61.rtf,73,,0.269760629
1646,M18_P74.rtf,F38_P61.rtf,74,,0.092980875
1647,M19_P76.rtf,F38_P61.rtf,76,,0.071576521
1648,M20_P77.rtf,F38_P61.rtf,77,,-0.005518889
1649,M21_P78.rtf,F38_P61.rtf,78,,0.171012677
1650,M22_P79.rtf,F38_P61.rtf,79,,0.091363924
1651,M23_P80.rtf,F38_P61.rtf,80,,0.537433888
1652,M24_P81.rtf,F38_P61.rtf,81,,0.087463586
1653,M25_P82.rtf,F38_P61.rtf,82,,0.064976635
1654,M26_P83.rtf,F38_P61.rtf,83,,0.36743485
1655,M27_P84.rtf,F38_P61.rtf,84,,0.23710658
1656,M28_P86.rtf,F38_P61.rtf,86,,0.192414329
1657,M29_P87.rtf,F38_P61.rtf,87,,0.03657796
1658,M30_P88.rtf,F38_P61.rtf,88,,0.230563597
1659,M31_P89.rtf,F38_P61.rtf,89,,0.259218719
1660,M32_P90.rtf,F38_P61.rtf,90,,0.211886247
1661,M33_P91.rtf,F38_P61.rtf,91,,0.127889661
1662,M34_P92.rtf,F38_P61.rtf,92,,0.086852058
1663,M35_P93.rtf,F38_P61.rtf,93,,0.180876305
1664,M36_P94.rtf,F38_P61.rtf,94,,0.242083223
1665,M37_P96.rtf,F38_P61.rtf,96,,0.014402711
1666,M38_P97.rtf,F38_P61.rtf,97,,0.265793575
1667,M39_P98.rtf,F38_P61.rtf,98,,0.461679284
1668,M40_P99.rtf,F38_P61.rtf,99,,0.096904377
1669,M41_P101.rtf,F38_P61.rtf,101,,0.137072132
1670,M42_P103.rtf,F38_P61.rtf,103,,0.31473666
1671,M43_P104.rtf,F38_P61.rtf,104,,0.041364071
1672,M44_P105.rtf,F38_P61.rtf,105,,0.02990927
1673,M01_P2.rtf,F39_P62.rtf,2,,-0.001060403
1674,M02_P7.rtf,F39_P62.rtf,7,,0.120397358
1675,M03_P12.rtf,F39_P62.rtf,12,,0.63636315
1676,M04_P15.rtf,F39_P62.rtf,15,,0.001556488
1677,M05_P21.rtf,F39_P62.rtf,21,,0.113850357
1678,M06_P24.rtf,F39_P62.rtf,24,,0.349038386
1679,M07_P25.rtf,F39_P62.rtf,25,,0.5589524
1680,M08_P30.rtf,F39_P62.rtf,30,,0.048914866
1681,M09_P33.rtf,F39_P62.rtf,33,,0.262311902
1682,M10_P34.rtf,F39_P62.rtf,34,,0.398805806
1683,M11_P35.rtf,F39_P62.rtf,35,,0.553696929
1684,M12_P37.rtf,F39_P62.rtf,37,,0.410834476
1685,M13_P38.rtf,F39_P62.rtf,38,,0.111686466
1686,M14_P50.rtf,F39_P62.rtf,50,,0.388558175
1687,M15_P58.rtf,F39_P62.rtf,58,,0.039337793
1688,M16_P66.rtf,F39_P62.rtf,66,,0.587915466
1689,M17_P73.rtf,F39_P62.rtf,73,,0.408528731
1690,M18_P74.rtf,F39_P62.rtf,74,,0.542882372
1691,M19_P76.rtf,F39_P62.rtf,76,,0.071697692
1692,M20_P77.rtf,F39_P62.rtf,77,,0.044123001
1693,M21_P78.rtf,F39_P62.rtf,78,,0.099317738
1694,M22_P79.rtf,F39_P62.rtf,79,,0.069429461
1695,M23_P80.rtf,F39_P62.rtf,80,,0.310815158
1696,M24_P81.rtf,F39_P62.rtf,81,,0.126892944
1697,M25_P82.rtf,F39_P62.rtf,82,,0.393706265
1698,M26_P83.rtf,F39_P62.rtf,83,,0.398545106
1699,M27_P84.rtf,F39_P62.rtf,84,,0.502851381
1700,M28_P86.rtf,F39_P62.rtf,86,,0.168766991
1701,M29_P87.rtf,F39_P62.rtf,87,,0.000616454
1702,M30_P88.rtf,F39_P62.rtf,88,,0.547462571
1703,M31_P89.rtf,F39_P62.rtf,89,,0.579006762
1704,M32_P90.rtf,F39_P62.rtf,90,,0.359347914
1705,M33_P91.rtf,F39_P62.rtf,91,,0.186542057
1706,M34_P92.rtf,F39_P62.rtf,92,,0.326864307
1707,M35_P93.rtf,F39_P62.rtf,93,,0.132028012
1708,M36_P94.rtf,F39_P62.rtf,94,,0.060512478
1709,M37_P96.rtf,F39_P62.rtf,96,,0.125610384
1710,M38_P97.rtf,F39_P62.rtf,97,,0.574578434
1711,M39_P98.rtf,F39_P62.rtf,98,,0.326056685
1712,M40_P99.rtf,F39_P62.rtf,99,,0.326953295
1713,M41_P101.rtf,F39_P62.rtf,101,,0.382346646
1714,M42_P103.rtf,F39_P62.rtf,103,,0.153853718
1715,M43_P104.rtf,F39_P62.rtf,104,,0.113530208
1716,M44_P105.rtf,F39_P62.rtf,105,,-0.052000484
1717,M01_P2.rtf,F40_P63.rtf,2,,0.128447832
1718,M02_P7.rtf,F40_P63.rtf,7,,0.095775959
1719,M03_P12.rtf,F40_P63.rtf,12,,0.188971362
1720,M04_P15.rtf,F40_P63.rtf,15,,-0.016556131
1721,M05_P21.rtf,F40_P63.rtf,21,,0.042369162
1722,M06_P24.rtf,F40_P63.rtf,24,,0.525238548
1723,M07_P25.rtf,F40_P63.rtf,25,,0.182783052
1724,M08_P30.rtf,F40_P63.rtf,30,,-0.001275488
1725,M09_P33.rtf,F40_P63.rtf,33,,0.142809867
1726,M10_P34.rtf,F40_P63.rtf,34,,0.135597028
1727,M11_P35.rtf,F40_P63.rtf,35,,0.308546431
1728,M12_P37.rtf,F40_P63.rtf,37,,0.009905969
1729,M13_P38.rtf,F40_P63.rtf,38,,0.150839461
1730,M14_P50.rtf,F40_P63.rtf,50,,0.192007841
1731,M15_P58.rtf,F40_P63.rtf,58,,0.04352853
1732,M16_P66.rtf,F40_P63.rtf,66,,0.098659419
1733,M17_P73.rtf,F40_P63.rtf,73,,0.076908208
1734,M18_P74.rtf,F40_P63.rtf,74,,0.30510332
1735,M19_P76.rtf,F40_P63.rtf,76,,0.07896994
1736,M20_P77.rtf,F40_P63.rtf,77,,0.033566161
1737,M21_P78.rtf,F40_P63.rtf,78,,0.032524422
1738,M22_P79.rtf,F40_P63.rtf,79,,0.183436463
1739,M23_P80.rtf,F40_P63.rtf,80,,0.011200502
1740,M24_P81.rtf,F40_P63.rtf,81,,0.095507126
1741,M25_P82.rtf,F40_P63.rtf,82,,0.379030992
1742,M26_P83.rtf,F40_P63.rtf,83,,0.279945145
1743,M27_P84.rtf,F40_P63.rtf,84,,0.22718128
1744,M28_P86.rtf,F40_P63.rtf,86,,0.02961217
1745,M29_P87.rtf,F40_P63.rtf,87,,0.006023156
1746,M30_P88.rtf,F40_P63.rtf,88,,0.408805071
1747,M31_P89.rtf,F40_P63.rtf,89,,0.258726122
1748,M32_P90.rtf,F40_P63.rtf,90,,0.082841303
1749,M33_P91.rtf,F40_P63.rtf,91,,0.063524598
1750,M34_P92.rtf,F40_P63.rtf,92,,0.355756684
1751,M35_P93.rtf,F40_P63.rtf,93,,0.055241065
1752,M36_P94.rtf,F40_P63.rtf,94,,0.042850681
1753,M37_P96.rtf,F40_P63.rtf,96,,0.225805759
1754,M38_P97.rtf,F40_P63.rtf,97,,-0.048017071
1755,M39_P98.rtf,F40_P63.rtf,98,,-0.001698227
1756,M40_P99.rtf,F40_P63.rtf,99,,0.366016389
1757,M41_P101.rtf,F40_P63.rtf,101,,0.089263202
1758,M42_P103.rtf,F40_P63.rtf,103,,0.020170621
1759,M43_P104.rtf,F40_P63.rtf,104,,0.118105652
1760,M44_P105.rtf,F40_P63.rtf,105,,0.084309637
1761,M01_P2.rtf,F41_P65.rtf,2,,0.083261248
1762,M02_P7.rtf,F41_P65.rtf,7,,0.065461697
1763,M03_P12.rtf,F41_P65.rtf,12,,0.417586169
1764,M04_P15.rtf,F41_P65.rtf,15,,-0.06363231
1765,M05_P21.rtf,F41_P65.rtf,21,,0.071740028
1766,M06_P24.rtf,F41_P65.rtf,24,,-0.025882082
1767,M07_P25.rtf,F41_P65.rtf,25,,0.32044672
1768,M08_P30.rtf,F41_P65.rtf,30,,0.093963521
1769,M09_P33.rtf,F41_P65.rtf,33,,-0.053247578
1770,M10_P34.rtf,F41_P65.rtf,34,,0.011904394
1771,M11_P35.rtf,F41_P65.rtf,35,,0.272348291
1772,M12_P37.rtf,F41_P65.rtf,37,,0.091944747
1773,M13_P38.rtf,F41_P65.rtf,38,,0.156417633
1774,M14_P50.rtf,F41_P65.rtf,50,,0.20423288
1775,M15_P58.rtf,F41_P65.rtf,58,,0.059581613
1776,M16_P66.rtf,F41_P65.rtf,66,,0.221177683
1777,M17_P73.rtf,F41_P65.rtf,73,,0.236993924
1778,M18_P74.rtf,F41_P65.rtf,74,,0.010651903
1779,M19_P76.rtf,F41_P65.rtf,76,,0.063438683
1780,M20_P77.rtf,F41_P65.rtf,77,,0.006854399
1781,M21_P78.rtf,F41_P65.rtf,78,,0.061193634
1782,M22_P79.rtf,F41_P65.rtf,79,,-0.031073983
1783,M23_P80.rtf,F41_P65.rtf,80,,-0.09765452
1784,M24_P81.rtf,F41_P65.rtf,81,,0.251645479
1785,M25_P82.rtf,F41_P65.rtf,82,,0.175542176
1786,M26_P83.rtf,F41_P65.rtf,83,,0.145801665
1787,M27_P84.rtf,F41_P65.rtf,84,,0.362656188
1788,M28_P86.rtf,F41_P65.rtf,86,,0.099681526
1789,M29_P87.rtf,F41_P65.rtf,87,,0.115464817
1790,M30_P88.rtf,F41_P65.rtf,88,,0.40785606
1791,M31_P89.rtf,F41_P65.rtf,89,,0.328882651
1792,M32_P90.rtf,F41_P65.rtf,90,,0.206047881
1793,M33_P91.rtf,F41_P65.rtf,91,,0.114764045
1794,M34_P92.rtf,F41_P65.rtf,92,,0.142264645
1795,M35_P93.rtf,F41_P65.rtf,93,,0.039204629
1796,M36_P94.rtf,F41_P65.rtf,94,,0.025067031
1797,M37_P96.rtf,F41_P65.rtf,96,,0.091776937
1798,M38_P97.rtf,F41_P65.rtf,97,,0.225211266
1799,M39_P98.rtf,F41_P65.rtf,98,,0.003618087
1800,M40_P99.rtf,F41_P65.rtf,99,,0.362886251
1801,M41_P101.rtf,F41_P65.rtf,101,,0.005944777
1802,M42_P103.rtf,F41_P65.rtf,103,,0.121419239
1803,M43_P104.rtf,F41_P65.rtf,104,,0.145768178
1804,M44_P105.rtf,F41_P65.rtf,105,,0.217235833
1805,M01_P2.rtf,F42_P68.rtf,2,,0.03409876
1806,M02_P7.rtf,F42_P68.rtf,7,,0.027955612
1807,M03_P12.rtf,F42_P68.rtf,12,,0.195345996
1808,M04_P15.rtf,F42_P68.rtf,15,,0.042135741
1809,M05_P21.rtf,F42_P68.rtf,21,,0.049867151
1810,M06_P24.rtf,F42_P68.rtf,24,,0.151065267
1811,M07_P25.rtf,F42_P68.rtf,25,,0.102451396
1812,M08_P30.rtf,F42_P68.rtf,30,,0.037815381
1813,M09_P33.rtf,F42_P68.rtf,33,,0.075113094
1814,M10_P34.rtf,F42_P68.rtf,34,,0.011992418
1815,M11_P35.rtf,F42_P68.rtf,35,,0.074375232
1816,M12_P37.rtf,F42_P68.rtf,37,,0.134399475
1817,M13_P38.rtf,F42_P68.rtf,38,,0.081683103
1818,M14_P50.rtf,F42_P68.rtf,50,,0.078995925
1819,M15_P58.rtf,F42_P68.rtf,58,,0.02744859
1820,M16_P66.rtf,F42_P68.rtf,66,,0.078041091
1821,M17_P73.rtf,F42_P68.rtf,73,,0.050855341
1822,M18_P74.rtf,F42_P68.rtf,74,,0.086509092
1823,M19_P76.rtf,F42_P68.rtf,76,,0.036567049
1824,M20_P77.rtf,F42_P68.rtf,77,,0.026631811
1825,M21_P78.rtf,F42_P68.rtf,78,,0.044293037
1826,M22_P79.rtf,F42_P68.rtf,79,,0.061322944
1827,M23_P80.rtf,F42_P68.rtf,80,,0.022981028
1828,M24_P81.rtf,F42_P68.rtf,81,,0.013188316
1829,M25_P82.rtf,F42_P68.rtf,82,,0.051015114
1830,M26_P83.rtf,F42_P68.rtf,83,,0.101742833
1831,M27_P84.rtf,F42_P68.rtf,84,,0.113034362
1832,M28_P86.rtf,F42_P68.rtf,86,,0.02704557
1833,M29_P87.rtf,F42_P68.rtf,87,,0.026042294
1834,M30_P88.rtf,F42_P68.rtf,88,,0.129846718
1835,M31_P89.rtf,F42_P68.rtf,89,,0.166974252
1836,M32_P90.rtf,F42_P68.rtf,90,,0.013954155
1837,M33_P91.rtf,F42_P68.rtf,91,,0.069572545
1838,M34_P92.rtf,F42_P68.rtf,92,,0.054692692
1839,M35_P93.rtf,F42_P68.rtf,93,,0.042061631
1840,M36_P94.rtf,F42_P68.rtf,94,,0.054236025
1841,M37_P96.rtf,F42_P68.rtf,96,,0.122552784
1842,M38_P97.rtf,F42_P68.rtf,97,,0.07227695
1843,M39_P98.rtf,F42_P68.rtf,98,,0.051591422
1844,M40_P99.rtf,F42_P68.rtf,99,,0.124903999
1845,M41_P101.rtf,F42_P68.rtf,101,,0.052362458
1846,M42_P103.rtf,F42_P68.rtf,103,,0.046505377
1847,M43_P104.rtf,F42_P68.rtf,104,,0.088130044
1848,M44_P105.rtf,F42_P68.rtf,105,,0.087086818
1849,M01_P2.rtf,F43_P69.rtf,2,,0.080258363
1850,M02_P7.rtf,F43_P69.rtf,7,,0.212205994
1851,M03_P12.rtf,F43_P69.rtf,12,,0.434849462
1852,M04_P15.rtf,F43_P69.rtf,15,,0.078410109
1853,M05_P21.rtf,F43_P69.rtf,21,,0.294963355
1854,M06_P24.rtf,F43_P69.rtf,24,,0.447499961
1855,M07_P25.rtf,F43_P69.rtf,25,,0.19261228
1856,M08_P30.rtf,F43_P69.rtf,30,,0.438066756
1857,M09_P33.rtf,F43_P69.rtf,33,,0.396575725
1858,M10_P34.rtf,F43_P69.rtf,34,,0.171099793
1859,M11_P35.rtf,F43_P69.rtf,35,,0.282201492
1860,M12_P37.rtf,F43_P69.rtf,37,,0.138756951
1861,M13_P38.rtf,F43_P69.rtf,38,,0.089137629
1862,M14_P50.rtf,F43_P69.rtf,50,,0.364079849
1863,M15_P58.rtf,F43_P69.rtf,58,,0.048790139
1864,M16_P66.rtf,F43_P69.rtf,66,,0.329850776
1865,M17_P73.rtf,F43_P69.rtf,73,,0.442474445
1866,M18_P74.rtf,F43_P69.rtf,74,,0.369517119
1867,M19_P76.rtf,F43_P69.rtf,76,,0.092802257
1868,M20_P77.rtf,F43_P69.rtf,77,,0.109152453
1869,M21_P78.rtf,F43_P69.rtf,78,,0.290316519
1870,M22_P79.rtf,F43_P69.rtf,79,,0.11694663
1871,M23_P80.rtf,F43_P69.rtf,80,,0.080973902
1872,M24_P81.rtf,F43_P69.rtf,81,,0.160137784
1873,M25_P82.rtf,F43_P69.rtf,82,,0.275655725
1874,M26_P83.rtf,F43_P69.rtf,83,,0.610989265
1875,M27_P84.rtf,F43_P69.rtf,84,,0.324160108
1876,M28_P86.rtf,F43_P69.rtf,86,,0.017851578
1877,M29_P87.rtf,F43_P69.rtf,87,,0.099023947
1878,M30_P88.rtf,F43_P69.rtf,88,,0.216025557
1879,M31_P89.rtf,F43_P69.rtf,89,,0.470326598
1880,M32_P90.rtf,F43_P69.rtf,90,,0.340402279
1881,M33_P91.rtf,F43_P69.rtf,91,,0.039886955
1882,M34_P92.rtf,F43_P69.rtf,92,,0.396511388
1883,M35_P93.rtf,F43_P69.rtf,93,,0.144682873
1884,M36_P94.rtf,F43_P69.rtf,94,,0.054223471
1885,M37_P96.rtf,F43_P69.rtf,96,,0.486999078
1886,M38_P97.rtf,F43_P69.rtf,97,,0.227546285
1887,M39_P98.rtf,F43_P69.rtf,98,,0.10035208
1888,M40_P99.rtf,F43_P69.rtf,99,,0.431685042
1889,M41_P101.rtf,F43_P69.rtf,101,,0.138545287
1890,M42_P103.rtf,F43_P69.rtf,103,,0.046763662
1891,M43_P104.rtf,F43_P69.rtf,104,,0.074879188
1892,M44_P105.rtf,F43_P69.rtf,105,,0.18853723
1893,M01_P2.rtf,F44_P70.rtf,2,,0.299720222
1894,M02_P7.rtf,F44_P70.rtf,7,,0.063668384
1895,M03_P12.rtf,F44_P70.rtf,12,,0.364742982
1896,M04_P15.rtf,F44_P70.rtf,15,,0.210558397
1897,M05_P21.rtf,F44_P70.rtf,21,,0.058039506
1898,M06_P24.rtf,F44_P70.rtf,24,,0.159776808
1899,M07_P25.rtf,F44_P70.rtf,25,,0.558265248
1900,M08_P30.rtf,F44_P70.rtf,30,,0.198272704
1901,M09_P33.rtf,F44_P70.rtf,33,,0.15094981
1902,M10_P34.rtf,F44_P70.rtf,34,,0.270123563
1903,M11_P35.rtf,F44_P70.rtf,35,,0.496000705
1904,M12_P37.rtf,F44_P70.rtf,37,,0.228862459
1905,M13_P38.rtf,F44_P70.rtf,38,,0.43162999
1906,M14_P50.rtf,F44_P70.rtf,50,,0.529256029
1907,M15_P58.rtf,F44_P70.rtf,58,,0.161355531
1908,M16_P66.rtf,F44_P70.rtf,66,,0.350321784
1909,M17_P73.rtf,F44_P70.rtf,73,,0.2846698
1910,M18_P74.rtf,F44_P70.rtf,74,,0.267416087
1911,M19_P76.rtf,F44_P70.rtf,76,,0.009473992
1912,M20_P77.rtf,F44_P70.rtf,77,,0.1372054
1913,M21_P78.rtf,F44_P70.rtf,78,,0.178534942
1914,M22_P79.rtf,F44_P70.rtf,79,,0.112824549
1915,M23_P80.rtf,F44_P70.rtf,80,,0.111963771
1916,M24_P81.rtf,F44_P70.rtf,81,,0.204421066
1917,M25_P82.rtf,F44_P70.rtf,82,,0.393012647
1918,M26_P83.rtf,F44_P70.rtf,83,,0.441791113
1919,M27_P84.rtf,F44_P70.rtf,84,,0.425731217
1920,M28_P86.rtf,F44_P70.rtf,86,,0.187953042
1921,M29_P87.rtf,F44_P70.rtf,87,,0.175936444
1922,M30_P88.rtf,F44_P70.rtf,88,,0.161656861
1923,M31_P89.rtf,F44_P70.rtf,89,,0.399576665
1924,M32_P90.rtf,F44_P70.rtf,90,,0.154190442
1925,M33_P91.rtf,F44_P70.rtf,91,,0.562603523
1926,M34_P92.rtf,F44_P70.rtf,92,,0.449475962
1927,M35_P93.rtf,F44_P70.rtf,93,,0.106603314
1928,M36_P94.rtf,F44_P70.rtf,94,,0.031677927
1929,M37_P96.rtf,F44_P70.rtf,96,,0.40811129
1930,M38_P97.rtf,F44_P70.rtf,97,,0.420322431
1931,M39_P98.rtf,F44_P70.rtf,98,,0.095713456
1932,M40_P99.rtf,F44_P70.rtf,99,,0.34417368
1933,M41_P101.rtf,F44_P70.rtf,101,,0.455045806
1934,M42_P103.rtf,F44_P70.rtf,103,,0.269957572
1935,M43_P104.rtf,F44_P70.rtf,104,,0.039056211
1936,M44_P105.rtf,F44_P70.rtf,105,,0.256992415
1937,M01_P2.rtf,F45_P71.rtf,2,,0.044248788
1938,M02_P7.rtf,F45_P71.rtf,7,,0.032407513
1939,M03_P12.rtf,F45_P71.rtf,12,,0.1196244
1940,M04_P15.rtf,F45_P71.rtf,15,,0.02212235
1941,M05_P21.rtf,F45_P71.rtf,21,,0.027539082
1942,M06_P24.rtf,F45_P71.rtf,24,,0.023781888
1943,M07_P25.rtf,F45_P71.rtf,25,,0.063152934
1944,M08_P30.rtf,F45_P71.rtf,30,,0.04937909
1945,M09_P33.rtf,F45_P71.rtf,33,,0.047367836
1946,M10_P34.rtf,F45_P71.rtf,34,,0.203300655
1947,M11_P35.rtf,F45_P71.rtf,35,,0.119694274
1948,M12_P37.rtf,F45_P71.rtf,37,,-0.006165105
1949,M13_P38.rtf,F45_P71.rtf,38,,0.027171358
1950,M14_P50.rtf,F45_P71.rtf,50,,0.043265063
1951,M15_P58.rtf,F45_P71.rtf,58,,0.042286641
1952,M16_P66.rtf,F45_P71.rtf,66,,0.035666594
1953,M17_P73.rtf,F45_P71.rtf,73,,0.065438202
1954,M18_P74.rtf,F45_P71.rtf,74,,0.01483003
1955,M19_P76.rtf,F45_P71.rtf,76,,0.022394762
1956,M20_P77.rtf,F45_P71.rtf,77,,-0.002415443
1957,M21_P78.rtf,F45_P71.rtf,78,,0.158245623
1958,M22_P79.rtf,F45_P71.rtf,79,,0.056543015
1959,M23_P80.rtf,F45_P71.rtf,80,,0.148611231
1960,M24_P81.rtf,F45_P71.rtf,81,,0.17135475
1961,M25_P82.rtf,F45_P71.rtf,82,,-0.070497648
1962,M26_P83.rtf,F45_P71.rtf,83,,0.005431777
1963,M27_P84.rtf,F45_P71.rtf,84,,0.026553282
1964,M28_P86.rtf,F45_P71.rtf,86,,0.029026275
1965,M29_P87.rtf,F45_P71.rtf,87,,0.099081846
1966,M30_P88.rtf,F45_P71.rtf,88,,-0.053365573
1967,M31_P89.rtf,F45_P71.rtf,89,,0.020843089
1968,M32_P90.rtf,F45_P71.rtf,90,,0.13358852
1969,M33_P91.rtf,F45_P71.rtf,91,,0.049359549
1970,M34_P92.rtf,F45_P71.rtf,92,,0.039844445
1971,M35_P93.rtf,F45_P71.rtf,93,,0.050885191
1972,M36_P94.rtf,F45_P71.rtf,94,,0.011934159
1973,M37_P96.rtf,F45_P71.rtf,96,,0.031358123
1974,M38_P97.rtf,F45_P71.rtf,97,,0.124641193
1975,M39_P98.rtf,F45_P71.rtf,98,,0.039534529
1976,M40_P99.rtf,F45_P71.rtf,99,,-0.032440104
1977,M41_P101.rtf,F45_P71.rtf,101,,0.014441979
1978,M42_P103.rtf,F45_P71.rtf,103,,0.12996103
1979,M43_P104.rtf,F45_P71.rtf,104,,0.062603442
1980,M44_P105.rtf,F45_P71.rtf,105,,0.021886485
1981,M01_P2.rtf,F46_P72.rtf,2,,0.104540388
1982,M02_P7.rtf,F46_P72.rtf,7,,0.095620035
1983,M03_P12.rtf,F46_P72.rtf,12,,0.340265753
1984,M04_P15.rtf,F46_P72.rtf,15,,0.047606545
1985,M05_P21.rtf,F46_P72.rtf,21,,0.066786211
1986,M06_P24.rtf,F46_P72.rtf,24,,0.214986721
1987,M07_P25.rtf,F46_P72.rtf,25,,0.246993843
1988,M08_P30.rtf,F46_P72.rtf,30,,0.225928545
1989,M09_P33.rtf,F46_P72.rtf,33,,0.086485246
1990,M10_P34.rtf,F46_P72.rtf,34,,0.355085522
1991,M11_P35.rtf,F46_P72.rtf,35,,0.575088296
1992,M12_P37.rtf,F46_P72.rtf,37,,0.113712285
1993,M13_P38.rtf,F46_P72.rtf,38,,0.093408758
1994,M14_P50.rtf,F46_P72.rtf,50,,0.306253859
1995,M15_P58.rtf,F46_P72.rtf,58,,-0.027252493
1996,M16_P66.rtf,F46_P72.rtf,66,,0.228959087
1997,M17_P73.rtf,F46_P72.rtf,73,,0.326139069
1998,M18_P74.rtf,F46_P72.rtf,74,,0.258154327
1999,M19_P76.rtf,F46_P72.rtf,76,,0.038644309
2000,M20_P77.rtf,F46_P72.rtf,77,,0.177739574
2001,M21_P78.rtf,F46_P72.rtf,78,,0.341088879
2002,M22_P79.rtf,F46_P72.rtf,79,,0.101627728
2003,M23_P80.rtf,F46_P72.rtf,80,,-0.169075485
2004,M24_P81.rtf,F46_P72.rtf,81,,0.049283366
2005,M25_P82.rtf,F46_P72.rtf,82,,0.330667314
2006,M26_P83.rtf,F46_P72.rtf,83,,0.33633867
2007,M27_P84.rtf,F46_P72.rtf,84,,0.559581386
2008,M28_P86.rtf,F46_P72.rtf,86,,0.040457963
2009,M29_P87.rtf,F46_P72.rtf,87,,0.252990707
2010,M30_P88.rtf,F46_P72.rtf,88,,0.538683543
2011,M31_P89.rtf,F46_P72.rtf,89,,0.356868387
2012,M32_P90.rtf,F46_P72.rtf,90,,0.292935872
2013,M33_P91.rtf,F46_P72.rtf,91,,0.001789554
2014,M34_P92.rtf,F46_P72.rtf,92,,0.361732889
2015,M35_P93.rtf,F46_P72.rtf,93,,0.066221073
2016,M36_P94.rtf,F46_P72.rtf,94,,0.014013347
2017,M37_P96.rtf,F46_P72.rtf,96,,0.120414211
2018,M38_P97.rtf,F46_P72.rtf,97,,0.062042337
2019,M39_P98.rtf,F46_P72.rtf,98,,0.119623141
2020,M40_P99.rtf,F46_P72.rtf,99,,0.329992945
2021,M41_P101.rtf,F46_P72.rtf,101,,0.21722749
2022,M42_P103.rtf,F46_P72.rtf,103,,0.313966541
2023,M43_P104.rtf,F46_P72.rtf,104,,0.12378744
2024,M44_P105.rtf,F46_P72.rtf,105,,0.15912874